Porosity_1,Permeability_1.1,Permeability_2.1,Permeability_3.1,Porosity_2,Permeability_1.2,Permeability_2.2,Permeability_3.2,Porosity_3,Permeability_1.3,Permeability_2.3,Permeability_3.3,Porosity_4,Permeability_1.4,Permeability_2.4,Permeability_3.4,Porosity_5,Permeability_1.5,Permeability_2.5,Permeability_3.5,Error
2.397893e-01,2.835326e-15,1.133245e-15,2.273346e-15,2.000000e-01,1.000000e-12,1.000000e-12,1.000000e-125,1.114568e-01,1.562201e-12,1.016203e-12,1.036840e-12,2.152126e-01,2.939403e-12,1.120658e-12,2.130210e-12,1.923200e-01,1.632757e-15,1.829732e-15,2.505851e-15,1.357652e+02
2.864000e-01,1.263596e-15,2.962468e-15,1.684273e-15,2.000000e-01,1.000000e-12,1.000000e-12,1.000000e-125,2.128997e-01,2.452881e-12,2.312501e-12,1.113727e-12,1.301823e-01,1.071321e-12,1.092928e-12,1.623791e-12,1.836784e-01,1.238801e-15,1.544954e-15,1.835264e-15,6.740894e+01
2.405402e-01,2.540073e-15,1.593773e-15,2.150862e-15,2.000000e-01,1.000000e-12,1.000000e-12,1.000000e-125,1.018156e-01,1.565511e-12,2.184331e-12,1.942853e-12,1.886105e-01,2.764499e-12,1.304583e-12,1.862306e-12,2.333186e-01,1.250331e-15,1.034254e-15,1.149092e-15,1.321331e+02
2.290904e-01,1.843325e-15,1.232031e-15,2.160085e-15,2.000000e-01,1.000000e-12,1.000000e-12,1.000000e-125,2.737815e-01,2.352718e-12,1.427244e-12,2.078967e-12,2.686305e-01,1.784834e-12,2.128359e-12,2.304313e-12,1.084514e-01,2.263170e-15,2.909854e-15,1.896888e-15,1.509830e+02
2.945027e-01,1.429108e-15,1.100354e-15,2.683147e-15,2.000000e-01,1.000000e-12,1.000000e-12,1.000000e-125,2.168596e-01,2.395837e-12,2.525431e-12,1.566201e-12,1.882057e-01,2.476699e-12,1.912182e-12,1.501210e-12,2.718245e-01,1.767523e-15,2.809590e-15,1.911799e-15,1.809767e+02
1.305056e-01,1.318038e-15,2.513369e-15,2.242684e-15,2.000000e-01,1.000000e-12,1.000000e-12,1.000000e-125,2.394346e-01,1.973983e-12,1.249788e-12,2.439665e-12,2.549714e-01,1.067198e-12,2.161037e-12,1.104859e-12,2.828807e-01,2.400390e-15,1.884553e-15,2.944004e-15,6.517568e+01
2.585476e-01,2.255456e-15,2.340113e-15,1.014370e-15,2.000000e-01,1.000000e-12,1.000000e-12,1.000000e-125,1.489053e-01,2.528274e-12,2.860097e-12,1.277928e-12,2.017511e-01,1.736914e-12,2.482743e-12,1.831690e-12,1.389714e-01,1.005455e-15,2.027362e-15,1.157245e-15,1.446479e+02
2.868530e-01,1.025282e-15,1.225132e-15,1.884074e-15,2.000000e-01,1.000000e-12,1.000000e-12,1.000000e-125,2.951198e-01,1.889128e-12,2.605346e-12,2.167250e-12,2.891864e-01,1.684066e-12,1.708663e-12,2.043302e-12,2.420063e-01,2.559101e-15,2.593183e-15,2.050218e-15,1.234990e+02
2.014131e-01,2.801904e-15,1.423965e-15,2.140355e-15,2.000000e-01,1.000000e-12,1.000000e-12,1.000000e-125,2.686690e-01,1.829503e-12,1.336595e-12,1.366405e-12,2.203629e-01,2.144549e-12,1.739387e-12,1.501051e-12,1.129470e-01,1.616741e-15,2.677018e-15,1.637188e-15,1.456959e+02
2.053695e-01,2.306224e-15,1.230869e-15,2.475549e-15,2.000000e-01,1.000000e-12,1.000000e-12,1.000000e-125,1.913692e-01,1.683170e-12,2.752188e-12,1.973675e-12,1.511824e-01,2.827987e-12,2.434475e-12,2.627665e-12,2.704594e-01,1.287225e-15,1.897291e-15,2.836442e-15,1.617562e+02
2.564331e-01,1.608625e-15,2.260557e-15,2.072628e-15,2.000000e-01,1.000000e-12,1.000000e-12,1.000000e-125,2.656582e-01,1.443904e-12,2.358473e-12,2.328139e-12,1.981457e-01,1.627492e-12,2.090828e-12,2.224656e-12,2.090773e-01,1.486819e-15,2.968712e-15,1.346492e-15,9.799863e+01
1.809960e-01,2.651893e-15,2.530915e-15,1.472782e-15,2.000000e-01,1.000000e-12,1.000000e-12,1.000000e-125,2.122026e-01,2.435651e-12,1.147916e-12,1.174610e-12,1.759532e-01,2.180373e-12,1.452325e-12,2.633475e-12,1.055871e-01,1.769807e-15,2.024626e-15,2.557068e-15,1.599203e+02
1.255655e-01,1.183498e-15,1.850860e-15,2.987281e-15,2.000000e-01,1.000000e-12,1.000000e-12,1.000000e-125,2.298730e-01,2.472255e-12,2.748114e-12,2.486282e-12,2.993908e-01,2.158182e-12,1.907225e-12,2.761422e-12,2.466067e-01,2.738246e-15,1.085397e-15,2.110337e-15,1.760971e+02
1.431205e-01,2.395564e-15,1.893715e-15,1.452422e-15,2.000000e-01,1.000000e-12,1.000000e-12,1.000000e-125,2.292394e-01,2.714599e-12,1.635603e-12,2.438596e-12,1.950827e-01,2.877509e-12,1.616904e-12,1.112595e-12,1.225537e-01,2.344065e-15,2.978426e-15,1.852782e-15,2.027120e+02
1.008746e-01,2.919450e-15,2.204958e-15,2.037807e-15,2.000000e-01,1.000000e-12,1.000000e-12,1.000000e-125,2.861177e-01,2.077230e-12,1.478842e-12,1.312052e-12,1.285926e-01,2.619321e-12,1.341716e-12,2.922423e-12,1.461077e-01,1.992351e-15,1.306201e-15,2.564745e-15,1.705549e+02
1.505390e-01,2.714825e-15,1.726795e-15,1.808633e-15,2.000000e-01,1.000000e-12,1.000000e-12,1.000000e-125,1.558539e-01,1.981396e-12,1.082669e-12,1.518606e-12,2.558672e-01,2.444906e-12,1.566016e-12,2.139557e-12,2.107548e-01,2.864197e-15,1.364918e-15,1.734543e-15,1.591443e+02
2.618743e-01,1.619731e-15,2.379888e-15,2.646163e-15,2.000000e-01,1.000000e-12,1.000000e-12,1.000000e-125,1.719529e-01,2.104292e-12,2.698397e-12,1.340255e-12,1.664128e-01,2.634890e-12,2.752121e-12,2.156920e-12,2.240823e-01,2.924100e-15,2.487737e-15,1.986311e-15,1.804179e+02
2.858404e-01,1.178873e-15,2.142008e-15,1.204239e-15,2.000000e-01,1.000000e-12,1.000000e-12,1.000000e-125,1.201264e-01,2.547865e-12,2.060670e-12,2.535585e-12,1.111104e-01,2.489232e-12,1.008103e-12,2.502608e-12,2.876734e-01,2.598133e-15,2.851157e-15,2.784755e-15,1.625838e+02
2.263825e-01,1.402258e-15,2.980184e-15,2.796844e-15,2.000000e-01,1.000000e-12,1.000000e-12,1.000000e-125,1.626824e-01,1.490373e-12,1.953758e-12,2.682827e-12,1.528219e-01,2.512206e-12,1.049333e-12,1.281902e-12,1.760939e-01,2.380210e-15,2.902344e-15,1.685357e-15,1.165609e+02
2.495783e-01,1.530361e-15,1.427001e-15,1.990401e-15,2.000000e-01,1.000000e-12,1.000000e-12,1.000000e-125,1.099905e-01,2.769160e-12,1.068095e-12,1.164565e-12,2.367463e-01,2.950011e-12,1.599119e-12,2.113548e-12,1.430790e-01,1.955547e-15,1.008855e-15,1.248079e-15,1.994305e+02
2.634109e-01,1.622452e-15,1.377089e-15,1.493907e-15,2.000000e-01,1.000000e-12,1.000000e-12,1.000000e-125,1.150881e-01,2.267841e-12,2.180119e-12,2.969201e-12,2.825928e-01,1.308726e-12,1.251397e-12,1.082073e-12,2.937008e-01,2.018394e-15,1.456164e-15,2.171544e-15,8.933764e+01
2.674717e-01,1.684415e-15,2.400699e-15,1.078198e-15,2.000000e-01,1.000000e-12,1.000000e-12,1.000000e-125,2.895018e-01,1.161399e-12,1.714958e-12,1.357527e-12,2.152758e-01,1.564805e-12,1.477231e-12,1.305601e-12,1.788743e-01,2.934713e-15,2.270692e-15,2.612832e-15,6.881354e+01
1.982121e-01,2.984962e-15,1.763541e-15,2.172138e-15,2.000000e-01,1.000000e-12,1.000000e-12,1.000000e-125,2.442522e-01,1.443105e-12,2.269990e-12,1.675816e-12,1.583599e-01,1.251560e-12,2.024460e-12,1.479044e-12,1.642524e-01,1.378069e-15,1.662805e-15,1.440442e-15,6.689742e+01
2.433283e-01,1.426672e-15,2.816429e-15,1.569178e-15,2.000000e-01,1.000000e-12,1.000000e-12,1.000000e-125,1.864667e-01,1.094446e-12,2.399595e-12,1.074582e-12,1.401230e-01,2.246803e-12,1.328597e-12,2.302752e-12,1.199259e-01,1.292147e-15,2.512006e-15,1.670332e-15,8.343760e+01
1.194854e-01,1.348529e-15,2.269895e-15,2.148071e-15,2.000000e-01,1.000000e-12,1.000000e-12,1.000000e-125,2.691224e-01,2.505932e-12,1.181684e-12,1.131979e-12,2.708385e-01,2.828434e-12,1.622517e-12,1.673676e-12,2.974660e-01,1.455453e-15,1.593863e-15,2.162727e-15,2.020844e+02
2.083852e-01,2.176953e-15,2.020188e-15,1.089316e-15,2.000000e-01,1.000000e-12,1.000000e-12,1.000000e-125,2.183535e-01,1.251936e-12,2.306310e-12,2.749982e-12,1.348933e-01,2.623046e-12,2.992018e-12,1.641710e-12,2.410584e-01,1.151612e-15,2.749784e-15,1.960891e-15,1.268667e+02
2.584863e-01,2.592563e-15,1.998021e-15,2.682546e-15,2.000000e-01,1.000000e-12,1.000000e-12,1.000000e-125,2.560017e-01,1.644747e-12,2.576820e-12,1.082390e-12,2.581656e-01,2.482120e-12,2.054503e-12,1.200605e-12,2.332519e-01,2.828716e-15,1.565498e-15,2.178050e-15,1.562690e+02
2.027563e-01,1.292400e-15,1.557878e-15,1.351428e-15,2.000000e-01,1.000000e-12,1.000000e-12,1.000000e-125,1.716411e-01,1.590149e-12,1.695061e-12,2.861746e-12,2.762130e-01,1.509708e-12,1.687711e-12,2.389824e-12,2.291064e-01,1.731950e-15,1.104848e-15,1.427290e-15,9.310382e+01
2.965909e-01,2.340966e-15,2.037109e-15,1.032204e-15,2.000000e-01,1.000000e-12,1.000000e-12,1.000000e-125,1.668539e-01,2.305551e-12,1.271333e-12,2.404158e-12,2.275511e-01,1.868429e-12,1.947813e-12,1.314889e-12,2.864710e-01,2.401524e-15,1.196759e-15,1.139717e-15,1.452956e+02
2.391989e-01,1.666017e-15,1.720382e-15,1.951930e-15,2.000000e-01,1.000000e-12,1.000000e-12,1.000000e-125,2.747823e-01,2.157818e-12,2.398980e-12,1.172792e-12,2.572919e-01,2.760202e-12,1.172156e-12,2.091861e-12,2.009375e-01,1.659498e-15,1.038213e-15,1.165946e-15,1.748698e+02
2.893036e-01,2.274116e-15,2.702658e-15,1.224732e-15,2.000000e-01,1.000000e-12,1.000000e-12,1.000000e-125,1.023859e-01,1.019722e-12,1.223531e-12,2.306456e-12,2.806306e-01,1.651624e-12,1.883713e-12,1.930045e-12,1.942521e-01,1.509622e-15,1.104328e-15,1.434988e-15,6.388578e+01
2.187960e-01,1.106210e-15,1.728585e-15,2.462068e-15,2.000000e-01,1.000000e-12,1.000000e-12,1.000000e-125,1.749577e-01,2.856829e-12,1.464300e-12,2.500560e-12,1.598861e-01,2.618356e-12,2.786990e-12,2.403266e-12,1.442008e-01,1.880889e-15,1.850229e-15,2.945528e-15,2.070715e+02
1.584698e-01,1.467352e-15,1.963577e-15,1.318713e-15,2.000000e-01,1.000000e-12,1.000000e-12,1.000000e-125,1.061458e-01,2.047009e-12,1.958163e-12,1.883310e-12,1.567396e-01,2.474433e-12,2.759393e-12,2.718240e-12,1.929980e-01,1.521560e-15,2.210427e-15,2.210734e-15,1.658992e+02
1.988146e-01,1.263325e-15,1.467356e-15,1.163639e-15,2.000000e-01,1.000000e-12,1.000000e-12,1.000000e-125,1.935645e-01,1.902896e-12,1.519447e-12,2.730681e-12,1.357653e-01,2.242871e-12,2.107189e-12,2.088465e-12,2.649798e-01,2.556165e-15,2.730714e-15,1.914349e-15,1.513186e+02
1.996044e-01,1.955586e-15,2.083663e-15,1.978670e-15,2.000000e-01,1.000000e-12,1.000000e-12,1.000000e-125,2.237960e-01,1.508957e-12,1.287459e-12,2.177476e-12,2.807549e-01,1.013415e-12,1.364578e-12,2.739550e-12,1.912419e-01,1.017137e-15,1.791515e-15,1.557847e-15,3.314821e+01
2.272875e-01,1.654945e-15,2.352189e-15,2.415143e-15,2.000000e-01,1.000000e-12,1.000000e-12,1.000000e-125,2.988909e-01,1.632705e-12,1.063559e-12,2.241526e-12,2.536991e-01,2.233113e-12,1.896688e-12,1.450888e-12,1.918856e-01,1.516737e-15,2.157511e-15,2.450279e-15,1.445432e+02
2.651593e-01,1.981842e-15,2.154882e-15,1.016398e-15,2.000000e-01,1.000000e-12,1.000000e-12,1.000000e-125,2.428253e-01,2.159134e-12,2.272374e-12,2.246748e-12,2.715917e-01,2.144573e-12,1.657026e-12,1.091306e-12,1.032466e-01,2.674321e-15,1.405825e-15,2.834456e-15,1.600055e+02
1.171648e-01,1.575592e-15,1.938888e-15,1.369730e-15,2.000000e-01,1.000000e-12,1.000000e-12,1.000000e-125,1.352473e-01,1.291534e-12,2.731128e-12,2.216011e-12,1.794225e-01,2.639576e-12,2.018245e-12,2.093734e-12,2.280257e-01,1.514447e-15,2.006113e-15,2.439078e-15,1.206015e+02
1.421294e-01,2.419162e-15,2.443392e-15,1.143512e-15,2.000000e-01,1.000000e-12,1.000000e-12,1.000000e-125,1.110382e-01,1.073637e-12,2.343719e-12,2.904574e-12,2.282549e-01,2.107517e-12,1.416646e-12,1.391905e-12,2.073490e-01,1.372385e-15,2.813088e-15,2.054030e-15,8.121796e+01
2.817123e-01,1.633762e-15,1.384782e-15,2.612088e-15,2.000000e-01,1.000000e-12,1.000000e-12,1.000000e-125,2.729231e-01,1.949547e-12,2.149959e-12,2.626782e-12,1.141936e-01,2.132502e-12,1.632102e-12,2.433971e-12,1.050098e-01,1.955296e-15,1.784225e-15,1.024034e-15,1.510733e+02
2.284991e-01,1.155923e-15,2.827836e-15,2.787328e-15,2.000000e-01,1.000000e-12,1.000000e-12,1.000000e-125,1.029865e-01,2.740642e-12,2.364495e-12,1.921527e-12,1.993929e-01,2.239974e-12,2.030080e-12,1.295835e-12,2.395799e-01,1.957238e-15,1.762711e-15,1.233162e-15,1.731434e+02
1.206548e-01,1.814847e-15,2.718647e-15,1.066373e-15,2.000000e-01,1.000000e-12,1.000000e-12,1.000000e-125,2.742167e-01,2.576017e-12,1.777148e-12,2.507348e-12,2.744698e-01,1.486510e-12,2.873936e-12,2.609415e-12,1.884228e-01,1.539854e-15,2.964429e-15,2.279231e-15,1.366977e+02
2.039899e-01,2.704265e-15,1.495373e-15,1.171409e-15,2.000000e-01,1.000000e-12,1.000000e-12,1.000000e-125,1.074869e-01,2.701105e-12,1.024957e-12,1.106890e-12,1.042378e-01,2.374326e-12,2.038536e-12,2.800291e-12,1.442279e-01,2.486528e-15,2.084523e-15,1.804148e-15,1.879525e+02
1.044746e-01,1.737530e-15,1.782582e-15,1.268629e-15,2.000000e-01,1.000000e-12,1.000000e-12,1.000000e-125,1.161984e-01,2.968712e-12,1.178720e-12,2.272957e-12,1.932050e-01,1.250441e-12,2.123490e-12,2.428130e-12,2.888407e-01,1.138185e-15,2.145881e-15,2.716627e-15,1.036885e+02
1.848957e-01,1.336858e-15,2.182223e-15,1.084057e-15,2.000000e-01,1.000000e-12,1.000000e-12,1.000000e-125,2.793988e-01,1.768908e-12,1.078083e-12,2.548919e-12,1.231409e-01,1.132099e-12,1.647186e-12,1.349265e-12,2.215940e-01,1.788401e-15,2.841829e-15,2.120235e-15,6.969243e+01
1.100507e-01,2.658142e-15,1.177952e-15,1.139881e-15,2.000000e-01,1.000000e-12,1.000000e-12,1.000000e-125,2.288299e-01,1.854070e-12,2.760111e-12,2.167218e-12,1.885322e-01,1.756190e-12,1.066209e-12,2.018846e-12,2.199256e-01,1.822521e-15,1.048375e-15,1.591248e-15,1.085580e+02
1.867980e-01,1.954745e-15,2.750141e-15,2.962363e-15,2.000000e-01,1.000000e-12,1.000000e-12,1.000000e-125,2.697616e-01,2.733168e-12,1.965891e-12,1.199881e-12,2.654669e-01,2.302343e-12,2.536943e-12,1.550289e-12,1.128165e-01,2.819492e-15,2.865247e-15,2.861058e-15,1.977973e+02
2.231574e-01,1.410496e-15,2.430072e-15,2.077964e-15,2.000000e-01,1.000000e-12,1.000000e-12,1.000000e-125,2.343477e-01,1.438900e-12,2.772596e-12,1.224488e-12,1.389511e-01,1.547561e-12,1.410753e-12,2.453528e-12,1.674217e-01,2.025578e-15,2.739159e-15,2.378266e-15,8.285455e+01
1.307976e-01,2.395288e-15,1.017420e-15,1.154148e-15,2.000000e-01,1.000000e-12,1.000000e-12,1.000000e-125,2.576699e-01,1.926550e-12,2.543411e-12,1.718349e-12,1.910695e-01,2.285767e-12,1.160856e-12,1.652007e-12,2.599475e-01,2.787585e-15,2.857381e-15,2.682088e-15,1.428474e+02
2.262341e-01,2.694990e-15,1.239791e-15,2.325980e-15,2.000000e-01,1.000000e-12,1.000000e-12,1.000000e-125,1.478401e-01,1.067776e-12,2.517440e-12,1.492331e-12,2.655188e-01,2.875512e-12,1.097148e-12,2.630511e-12,1.492303e-01,2.496334e-15,2.565468e-15,1.040275e-15,1.014291e+02
1.305762e-01,1.520651e-15,2.080934e-15,1.914396e-15,2.000000e-01,1.000000e-12,1.000000e-12,1.000000e-125,1.552244e-01,1.319486e-12,1.671719e-12,2.832983e-12,1.376691e-01,2.202929e-12,1.168265e-12,1.723913e-12,2.017093e-01,2.965858e-15,2.086007e-15,2.537741e-15,9.677002e+01
1.441452e-01,2.346560e-15,2.026442e-15,2.264047e-15,2.000000e-01,1.000000e-12,1.000000e-12,1.000000e-125,2.520868e-01,1.504827e-12,2.205427e-12,1.471698e-12,1.654968e-01,1.436044e-12,1.413332e-12,1.850942e-12,1.188692e-01,1.821669e-15,2.914246e-15,1.302810e-15,7.954332e+01
1.375078e-01,1.663892e-15,2.615282e-15,2.318818e-15,2.000000e-01,1.000000e-12,1.000000e-12,1.000000e-125,2.730146e-01,2.764406e-12,2.391802e-12,2.107990e-12,2.313317e-01,2.442104e-12,1.655725e-12,2.517062e-12,2.276408e-01,2.342579e-15,1.199654e-15,2.930397e-15,1.916929e+02
2.517817e-01,1.716398e-15,1.516819e-15,2.312611e-15,2.000000e-01,1.000000e-12,1.000000e-12,1.000000e-125,1.914684e-01,2.228572e-12,2.818760e-12,1.291620e-12,1.951184e-01,2.444889e-12,1.890058e-12,2.403189e-12,2.667316e-01,1.587021e-15,1.265683e-15,2.388033e-15,1.713865e+02
1.146125e-01,1.348351e-15,1.750421e-15,2.644234e-15,2.000000e-01,1.000000e-12,1.000000e-12,1.000000e-125,1.328798e-01,2.357131e-12,1.506202e-12,2.217269e-12,1.067300e-01,2.898285e-12,1.852855e-12,1.681072e-12,2.445617e-01,1.163397e-15,2.415005e-15,1.887104e-15,1.932953e+02
2.502873e-01,1.706538e-15,1.470285e-15,2.606245e-15,2.000000e-01,1.000000e-12,1.000000e-12,1.000000e-125,1.550620e-01,1.587681e-12,2.098786e-12,1.815319e-12,1.067148e-01,1.469359e-12,2.364362e-12,1.073883e-12,2.327954e-01,1.421732e-15,1.906401e-15,1.867546e-15,9.270473e+01
1.467069e-01,1.240877e-15,1.561456e-15,1.733659e-15,2.000000e-01,1.000000e-12,1.000000e-12,1.000000e-125,2.444435e-01,2.045844e-12,2.724930e-12,1.846516e-12,2.354831e-01,2.390575e-12,2.954335e-12,2.392339e-12,2.489617e-01,1.119601e-15,1.905094e-15,2.655189e-15,1.775168e+02
1.865745e-01,1.728748e-15,2.627832e-15,2.049619e-15,2.000000e-01,1.000000e-12,1.000000e-12,1.000000e-125,1.182724e-01,2.931319e-12,1.030512e-12,1.858857e-12,1.879131e-01,2.112239e-12,1.050220e-12,2.928522e-12,1.065792e-01,1.423339e-15,1.015913e-15,1.012994e-15,1.507126e+02
1.562864e-01,2.090035e-15,2.857666e-15,2.659117e-15,2.000000e-01,1.000000e-12,1.000000e-12,1.000000e-125,2.728596e-01,2.033745e-12,2.149408e-12,2.672690e-12,2.277850e-01,1.727344e-12,2.869874e-12,1.950381e-12,2.531859e-01,2.277929e-15,1.663122e-15,1.421448e-15,1.397586e+02
1.920993e-01,1.655441e-15,1.705978e-15,2.822856e-15,2.000000e-01,1.000000e-12,1.000000e-12,1.000000e-125,2.613141e-01,1.889139e-12,1.508683e-12,2.479567e-12,2.399036e-01,2.635419e-12,1.111102e-12,2.006287e-12,1.023718e-01,1.245292e-15,1.092526e-15,1.966280e-15,1.552699e+02
2.561273e-01,2.273883e-15,1.082325e-15,1.654292e-15,2.000000e-01,1.000000e-12,1.000000e-12,1.000000e-125,2.624629e-01,1.104137e-12,2.999701e-12,1.087996e-12,1.106948e-01,1.723189e-12,2.311146e-12,1.119321e-12,1.018012e-01,1.983343e-15,1.001423e-15,2.680634e-15,7.932913e+01
2.344409e-01,2.788262e-15,1.490872e-15,2.983064e-15,2.000000e-01,1.000000e-12,1.000000e-12,1.000000e-125,2.888592e-01,2.731851e-12,2.406264e-12,2.457598e-12,2.796190e-01,2.259051e-12,1.114718e-12,1.608551e-12,1.050966e-01,2.125797e-15,1.250193e-15,1.089920e-15,1.720686e+02
2.517523e-01,1.595025e-15,2.066258e-15,2.991310e-15,2.000000e-01,1.000000e-12,1.000000e-12,1.000000e-125,1.502618e-01,1.609929e-12,1.660944e-12,1.473785e-12,2.846759e-01,1.925341e-12,1.456473e-12,2.860597e-12,1.329913e-01,2.632624e-15,2.649927e-15,1.664233e-15,1.184177e+02
2.164831e-01,1.518369e-15,2.409626e-15,1.819599e-15,2.000000e-01,1.000000e-12,1.000000e-12,1.000000e-125,2.298857e-01,1.346549e-12,1.166365e-12,1.810755e-12,1.951148e-01,1.194648e-12,1.454327e-12,1.887817e-12,2.212755e-01,1.703491e-15,2.058330e-15,2.085031e-15,4.993837e+01
2.644385e-01,2.033174e-15,1.545358e-15,1.443075e-15,2.000000e-01,1.000000e-12,1.000000e-12,1.000000e-125,1.548527e-01,2.845003e-12,2.244851e-12,2.070616e-12,2.772979e-01,2.277614e-12,1.940170e-12,2.800983e-12,1.615987e-01,2.958921e-15,2.589367e-15,2.650373e-15,1.872141e+02
2.283088e-01,1.560768e-15,1.545521e-15,2.343770e-15,2.000000e-01,1.000000e-12,1.000000e-12,1.000000e-125,1.256148e-01,1.138055e-12,2.972553e-12,2.261097e-12,2.503063e-01,2.385446e-12,1.047809e-12,1.720461e-12,2.308895e-01,1.005074e-15,2.671807e-15,2.674429e-15,9.175160e+01
1.097579e-01,2.331810e-15,1.278011e-15,2.819884e-15,2.000000e-01,1.000000e-12,1.000000e-12,1.000000e-125,1.010478e-01,1.267548e-12,2.949781e-12,2.244522e-12,1.456227e-01,1.530572e-12,1.211985e-12,1.292843e-12,1.109370e-01,2.120873e-15,2.921655e-15,1.219179e-15,6.065186e+01
2.608413e-01,2.977771e-15,1.377620e-15,2.721539e-15,2.000000e-01,1.000000e-12,1.000000e-12,1.000000e-125,2.406893e-01,1.298673e-12,2.622935e-12,1.791083e-12,2.008804e-01,1.140075e-12,2.918457e-12,2.836575e-12,2.136308e-01,2.128398e-15,1.788697e-15,2.058110e-15,5.158059e+01
2.269490e-01,1.592602e-15,1.049427e-15,1.304627e-15,2.000000e-01,1.000000e-12,1.000000e-12,1.000000e-125,1.419168e-01,1.621162e-12,1.607556e-12,2.791218e-12,2.508385e-01,2.152437e-12,2.348005e-12,2.542167e-12,1.775883e-01,2.408003e-15,2.385988e-15,2.464839e-15,1.371905e+02
1.040588e-01,2.156101e-15,2.849158e-15,2.139484e-15,2.000000e-01,1.000000e-12,1.000000e-12,1.000000e-125,2.566711e-01,1.219244e-12,1.206426e-12,2.018061e-12,1.287290e-01,2.653372e-12,1.007708e-12,1.422375e-12,1.703047e-01,1.494178e-15,1.104617e-15,1.601433e-15,1.040783e+02
2.505444e-01,2.370875e-15,2.031466e-15,2.886623e-15,2.000000e-01,1.000000e-12,1.000000e-12,1.000000e-125,1.420469e-01,1.631175e-12,2.291938e-12,1.042622e-12,2.992568e-01,2.636208e-12,2.513370e-12,1.347606e-12,2.405324e-01,1.625376e-15,2.220304e-15,1.258375e-15,1.638962e+02
2.777355e-01,2.712862e-15,1.273634e-15,1.606034e-15,2.000000e-01,1.000000e-12,1.000000e-12,1.000000e-125,1.194671e-01,2.267839e-12,2.204809e-12,1.231120e-12,2.367832e-01,1.567532e-12,2.934097e-12,1.961011e-12,1.005873e-01,2.775618e-15,2.925471e-15,2.632135e-15,1.277864e+02
2.950394e-01,1.890531e-15,2.393048e-15,2.104060e-15,2.000000e-01,1.000000e-12,1.000000e-12,1.000000e-125,2.153513e-01,2.839292e-12,2.525173e-12,1.133793e-12,1.822431e-01,2.968074e-12,2.605790e-12,1.169696e-12,2.821890e-01,2.016038e-15,1.015872e-15,1.823229e-15,2.215330e+02
2.170138e-01,1.099539e-15,1.540208e-15,1.137194e-15,2.000000e-01,1.000000e-12,1.000000e-12,1.000000e-125,1.910392e-01,1.812932e-12,2.760884e-12,2.508678e-12,2.500415e-01,2.020895e-12,1.502928e-12,2.718416e-12,1.693562e-01,2.143112e-15,2.610879e-15,2.686179e-15,1.331596e+02
2.256816e-01,2.382536e-15,2.649748e-15,2.846447e-15,2.000000e-01,1.000000e-12,1.000000e-12,1.000000e-125,1.379147e-01,2.335131e-12,2.319494e-12,1.412170e-12,1.273732e-01,2.257404e-12,2.543457e-12,2.965960e-12,2.279369e-01,1.556618e-15,1.032680e-15,1.349600e-15,1.704523e+02
1.585437e-01,1.554994e-15,2.514277e-15,2.614562e-15,2.000000e-01,1.000000e-12,1.000000e-12,1.000000e-125,1.560631e-01,2.556566e-12,2.784479e-12,1.808178e-12,2.424439e-01,2.773900e-12,2.632070e-12,1.294108e-12,1.943311e-01,2.942105e-15,2.460748e-15,2.961487e-15,2.050325e+02
1.290634e-01,2.057156e-15,2.335449e-15,1.717754e-15,2.000000e-01,1.000000e-12,1.000000e-12,1.000000e-125,2.714656e-01,1.429143e-12,1.242663e-12,1.196886e-12,1.988246e-01,2.624154e-12,2.374115e-12,1.067054e-12,2.525336e-01,2.685374e-15,1.157273e-15,1.098685e-15,1.453418e+02
2.404626e-01,2.463740e-15,2.161294e-15,2.226836e-15,2.000000e-01,1.000000e-12,1.000000e-12,1.000000e-125,2.442832e-01,1.875751e-12,1.712564e-12,2.808214e-12,1.461700e-01,1.687912e-12,1.177558e-12,2.886902e-12,2.785183e-01,2.029719e-15,2.131136e-15,2.419438e-15,1.094176e+02
2.673607e-01,2.789236e-15,1.069750e-15,1.486649e-15,2.000000e-01,1.000000e-12,1.000000e-12,1.000000e-125,2.882887e-01,1.868840e-12,1.811780e-12,1.698527e-12,1.597956e-01,1.552173e-12,2.897810e-12,2.296700e-12,2.955157e-01,2.875534e-15,1.556919e-15,2.108694e-15,1.205199e+02
2.055144e-01,2.746352e-15,2.054725e-15,2.508515e-15,2.000000e-01,1.000000e-12,1.000000e-12,1.000000e-125,1.712499e-01,2.034530e-12,2.421939e-12,2.933534e-12,1.335566e-01,1.120923e-12,1.290663e-12,2.717793e-12,2.772810e-01,2.739938e-15,2.104140e-15,2.154647e-15,6.569247e+01
1.741393e-01,2.392196e-15,1.101019e-15,1.681072e-15,2.000000e-01,1.000000e-12,1.000000e-12,1.000000e-125,1.466399e-01,2.490007e-12,1.523658e-12,2.432256e-12,1.885068e-01,2.316467e-12,1.749314e-12,1.535598e-12,1.707022e-01,2.037138e-15,1.989257e-15,2.302244e-15,1.689034e+02
1.412314e-01,1.979154e-15,1.842109e-15,1.622394e-15,2.000000e-01,1.000000e-12,1.000000e-12,1.000000e-125,2.363492e-01,2.149254e-12,2.302845e-12,1.745386e-12,1.598362e-01,2.202062e-12,1.152277e-12,2.749459e-12,2.253424e-01,1.423878e-15,1.176470e-15,1.455305e-15,1.454434e+02
2.826059e-01,1.672156e-15,2.348523e-15,2.945314e-15,2.000000e-01,1.000000e-12,1.000000e-12,1.000000e-125,1.946735e-01,2.022245e-12,2.266790e-12,1.591965e-12,1.674133e-01,1.770091e-12,1.706434e-12,2.871679e-12,1.978514e-01,1.906016e-15,1.352107e-15,2.855322e-15,1.257020e+02
1.139016e-01,1.446990e-15,1.525648e-15,2.911561e-15,2.000000e-01,1.000000e-12,1.000000e-12,1.000000e-125,1.092378e-01,2.433037e-12,1.633579e-12,2.563508e-12,1.244915e-01,1.798527e-12,2.078374e-12,1.650821e-12,1.704433e-01,1.267587e-15,2.160765e-15,2.920208e-15,1.415817e+02
1.187641e-01,1.721042e-15,2.607073e-15,2.382135e-15,2.000000e-01,1.000000e-12,1.000000e-12,1.000000e-125,2.099964e-01,1.156208e-12,1.532803e-12,1.761825e-12,2.981555e-01,1.149114e-12,2.921507e-12,2.761488e-12,2.771434e-01,1.158828e-15,2.740844e-15,2.018380e-15,4.062856e+01
1.952409e-01,2.989390e-15,1.577991e-15,2.128179e-15,2.000000e-01,1.000000e-12,1.000000e-12,1.000000e-125,2.836665e-01,1.090126e-12,1.696273e-12,2.767366e-12,1.574232e-01,1.469496e-12,1.832916e-12,1.999999e-12,2.174136e-01,2.952993e-15,1.065037e-15,2.352168e-15,6.002171e+01
2.304548e-01,2.269896e-15,2.604377e-15,2.481290e-15,2.000000e-01,1.000000e-12,1.000000e-12,1.000000e-125,1.642693e-01,2.212933e-12,1.850240e-12,1.132399e-12,2.688553e-01,2.355236e-12,1.707282e-12,2.808531e-12,1.807265e-01,1.134393e-15,1.031396e-15,2.997340e-15,1.686902e+02
2.914692e-01,2.521860e-15,2.169051e-15,2.844582e-15,2.000000e-01,1.000000e-12,1.000000e-12,1.000000e-125,1.562300e-01,2.818120e-12,1.399559e-12,1.518474e-12,2.047858e-01,2.134172e-12,1.697657e-12,1.182000e-12,2.850604e-01,1.197979e-15,2.350349e-15,1.195280e-15,1.692844e+02
2.577452e-01,2.556038e-15,1.075117e-15,1.304951e-15,2.000000e-01,1.000000e-12,1.000000e-12,1.000000e-125,2.487757e-01,1.497653e-12,2.494502e-12,1.893820e-12,1.829095e-01,2.910122e-12,1.635041e-12,2.279080e-12,1.954918e-01,2.233177e-15,2.841007e-15,2.265476e-15,1.481328e+02
2.505845e-01,1.351207e-15,2.719069e-15,2.950211e-15,2.000000e-01,1.000000e-12,1.000000e-12,1.000000e-125,1.916923e-01,1.160928e-12,1.526462e-12,2.055260e-12,1.290942e-01,1.248553e-12,1.692467e-12,2.758561e-12,2.607519e-01,1.863856e-15,1.006903e-15,1.344116e-15,4.511591e+01
2.475599e-01,2.479058e-15,2.683145e-15,1.009684e-15,2.000000e-01,1.000000e-12,1.000000e-12,1.000000e-125,2.440582e-01,1.108139e-12,1.239688e-12,2.620078e-12,2.743463e-01,1.329731e-12,2.648973e-12,2.922880e-12,1.538328e-01,2.335932e-15,1.226783e-15,2.981156e-15,5.444510e+01
1.336086e-01,1.904486e-15,2.259133e-15,1.557782e-15,2.000000e-01,1.000000e-12,1.000000e-12,1.000000e-125,1.937735e-01,2.048391e-12,2.280885e-12,2.077767e-12,1.243146e-01,2.936800e-12,1.495261e-12,1.179441e-12,1.156562e-01,1.537642e-15,2.239395e-15,2.774762e-15,1.756326e+02
1.498936e-01,2.934847e-15,2.351078e-15,1.067207e-15,2.000000e-01,1.000000e-12,1.000000e-12,1.000000e-125,2.524780e-01,2.813992e-12,1.641004e-12,2.025023e-12,1.636610e-01,1.981869e-12,2.242081e-12,2.500766e-12,1.857940e-01,1.652892e-15,1.260252e-15,2.425662e-15,1.739782e+02
2.404685e-01,2.344860e-15,2.537046e-15,1.725824e-15,2.000000e-01,1.000000e-12,1.000000e-12,1.000000e-125,2.434689e-01,1.801119e-12,1.807165e-12,2.638170e-12,1.432293e-01,1.471106e-12,2.285782e-12,1.611654e-12,2.757045e-01,2.613102e-15,1.191929e-15,1.495898e-15,1.054355e+02
2.444210e-01,1.659800e-15,2.738776e-15,1.063731e-15,2.000000e-01,1.000000e-12,1.000000e-12,1.000000e-125,2.606552e-01,1.637616e-12,2.774209e-12,1.475303e-12,2.933361e-01,1.452596e-12,1.826208e-12,1.770368e-12,1.632081e-01,1.173314e-15,2.475027e-15,1.411859e-15,9.383420e+01
1.059802e-01,1.168373e-15,1.920277e-15,1.911673e-15,2.000000e-01,1.000000e-12,1.000000e-12,1.000000e-125,2.709725e-01,2.584006e-12,2.571788e-12,2.382193e-12,2.410403e-01,2.481580e-12,1.743699e-12,1.834036e-12,2.618847e-01,1.328838e-15,2.804538e-15,1.087440e-15,1.908895e+02
1.286303e-01,1.113713e-15,1.937211e-15,1.065187e-15,2.000000e-01,1.000000e-12,1.000000e-12,1.000000e-125,1.599118e-01,2.996836e-12,2.071911e-12,2.764784e-12,1.465858e-01,1.550977e-12,2.306803e-12,2.729024e-12,2.054729e-01,2.961025e-15,2.168101e-15,1.703876e-15,1.399738e+02
2.944479e-01,1.096996e-15,2.568924e-15,2.545023e-15,2.000000e-01,1.000000e-12,1.000000e-12,1.000000e-125,2.113820e-01,1.832598e-12,2.451818e-12,2.372362e-12,2.159446e-01,2.173010e-12,2.298211e-12,1.664357e-12,2.811785e-01,1.605616e-15,1.432405e-15,2.612812e-15,1.492275e+02
2.642943e-01,1.348770e-15,2.164745e-15,1.027959e-15,2.000000e-01,1.000000e-12,1.000000e-12,1.000000e-125,2.464551e-01,2.866879e-12,2.616214e-12,2.029486e-12,1.946401e-01,2.329511e-12,2.110982e-12,1.403096e-12,2.816670e-01,1.546666e-15,1.236994e-15,2.937652e-15,1.927277e+02
2.609890e-01,1.452077e-15,2.604520e-15,2.885685e-15,2.000000e-01,1.000000e-12,1.000000e-12,1.000000e-125,1.172604e-01,1.321712e-12,1.043167e-12,1.648475e-12,1.383445e-01,1.893406e-12,2.812642e-12,1.632687e-12,1.142501e-01,2.135122e-15,2.409554e-15,2.081313e-15,9.779161e+01
2.642290e-01,2.928282e-15,2.939937e-15,2.431838e-15,2.000000e-01,1.000000e-12,1.000000e-12,1.000000e-125,1.516930e-01,1.049793e-12,1.447302e-12,2.576653e-12,2.726137e-01,1.769667e-12,2.117536e-12,1.513344e-12,1.495095e-01,1.089713e-15,1.528933e-15,1.600018e-15,7.605265e+01
2.669803e-01,1.415363e-15,2.469684e-15,1.665846e-15,2.000000e-01,1.000000e-12,1.000000e-12,1.000000e-125,2.528466e-01,2.358918e-12,2.134421e-12,1.694923e-12,2.814545e-01,2.271000e-12,2.128188e-12,2.917550e-12,1.910187e-01,2.282840e-15,1.739799e-15,1.076649e-15,1.812083e+02
1.158500e-01,1.935347e-15,2.481467e-15,1.288296e-15,2.000000e-01,1.000000e-12,1.000000e-12,1.000000e-125,1.219104e-01,1.202895e-12,1.864513e-12,1.524833e-12,2.626141e-01,1.100271e-12,1.014637e-12,2.312005e-12,2.397089e-01,1.104439e-15,1.367464e-15,1.273593e-15,2.296282e+01
2.235204e-01,1.956278e-15,1.154558e-15,1.428258e-15,2.000000e-01,1.000000e-12,1.000000e-12,1.000000e-125,1.463145e-01,2.620239e-12,2.906979e-12,2.825741e-12,1.586584e-01,2.249311e-12,1.853103e-12,2.402964e-12,2.865261e-01,2.695534e-15,1.762298e-15,1.156259e-15,1.710348e+02
1.265755e-01,1.859324e-15,1.879364e-15,2.419424e-15,2.000000e-01,1.000000e-12,1.000000e-12,1.000000e-125,2.901611e-01,2.868888e-12,1.444015e-12,1.559312e-12,2.252472e-01,1.030126e-12,2.617994e-12,1.406428e-12,1.632043e-01,2.992574e-15,1.264777e-15,2.129245e-15,8.262117e+01
2.505821e-01,1.918284e-15,2.274235e-15,2.121240e-15,2.000000e-01,1.000000e-12,1.000000e-12,1.000000e-125,1.304564e-01,1.396339e-12,1.344672e-12,1.127092e-12,2.078190e-01,2.209331e-12,1.783013e-12,1.989803e-12,2.165280e-01,2.194068e-15,2.722064e-15,1.019796e-15,1.148359e+02
1.370957e-01,1.273867e-15,1.091493e-15,1.429439e-15,2.000000e-01,1.000000e-12,1.000000e-12,1.000000e-125,2.265217e-01,1.237282e-12,2.005541e-12,1.105153e-12,2.129311e-01,2.813940e-12,2.616197e-12,2.784774e-12,2.735665e-01,1.906845e-15,1.482535e-15,2.778050e-15,1.342640e+02
2.945361e-01,1.500179e-15,2.251389e-15,2.069450e-15,2.000000e-01,1.000000e-12,1.000000e-12,1.000000e-125,1.542503e-01,2.627667e-12,1.125332e-12,2.857004e-12,1.047326e-01,2.430085e-12,1.568896e-12,1.318056e-12,2.017648e-01,1.023741e-15,1.049991e-15,1.930934e-15,1.829642e+02
1.668062e-01,2.677514e-15,1.172856e-15,2.330981e-15,2.000000e-01,1.000000e-12,1.000000e-12,1.000000e-125,1.682428e-01,1.476435e-12,1.406226e-12,2.064989e-12,1.505634e-01,1.516375e-12,2.087250e-12,2.772460e-12,2.125123e-01,1.268554e-15,1.986598e-15,1.857065e-15,8.596799e+01
2.987769e-01,1.247460e-15,2.299243e-15,1.333119e-15,2.000000e-01,1.000000e-12,1.000000e-12,1.000000e-125,2.274495e-01,1.790662e-12,2.855734e-12,1.980748e-12,2.426389e-01,1.675238e-12,1.252496e-12,2.377456e-12,2.559135e-01,1.620619e-15,1.126463e-15,1.381404e-15,1.075087e+02
1.686716e-01,2.737848e-15,2.936783e-15,2.534287e-15,2.000000e-01,1.000000e-12,1.000000e-12,1.000000e-125,1.970597e-01,1.996186e-12,2.168373e-12,1.875159e-12,2.098425e-01,1.905225e-12,2.646153e-12,2.645302e-12,2.117204e-01,1.772387e-15,2.109910e-15,1.440749e-15,1.436631e+02
2.189435e-01,2.499245e-15,2.070171e-15,2.674619e-15,2.000000e-01,1.000000e-12,1.000000e-12,1.000000e-125,1.339745e-01,2.105224e-12,1.234312e-12,2.136475e-12,2.568810e-01,2.267971e-12,2.816604e-12,2.341873e-12,2.311792e-01,2.036256e-15,1.047596e-15,1.125349e-15,1.688493e+02
2.528017e-01,1.010412e-15,2.088541e-15,2.376672e-15,2.000000e-01,1.000000e-12,1.000000e-12,1.000000e-125,2.263068e-01,2.665434e-12,1.033795e-12,1.052810e-12,1.433995e-01,2.809186e-12,2.876959e-12,2.715993e-12,2.489348e-01,2.502129e-15,2.221182e-15,1.443210e-15,2.154765e+02
1.284328e-01,2.207871e-15,2.089780e-15,2.174502e-15,2.000000e-01,1.000000e-12,1.000000e-12,1.000000e-125,1.643366e-01,1.161220e-12,1.087466e-12,1.198159e-12,2.239948e-01,1.511105e-12,1.174706e-12,1.842350e-12,2.865249e-01,2.620601e-15,1.703640e-15,1.090196e-15,5.770089e+01
1.300158e-01,2.863997e-15,2.460320e-15,2.141150e-15,2.000000e-01,1.000000e-12,1.000000e-12,1.000000e-125,2.884567e-01,1.916247e-12,1.243218e-12,1.423745e-12,1.297327e-01,2.572309e-12,2.334766e-12,1.958266e-12,1.466105e-01,1.496625e-15,2.964749e-15,2.581466e-15,1.762356e+02
2.403416e-01,2.732015e-15,2.099970e-15,2.920476e-15,2.000000e-01,1.000000e-12,1.000000e-12,1.000000e-125,1.784679e-01,2.139691e-12,1.790978e-12,2.486730e-12,1.643910e-01,2.864234e-12,2.102131e-12,2.220018e-12,2.177657e-01,2.262141e-15,2.656170e-15,2.839976e-15,1.843737e+02
2.221258e-01,2.536355e-15,2.759686e-15,2.748435e-15,2.000000e-01,1.000000e-12,1.000000e-12,1.000000e-125,1.135096e-01,2.026013e-12,2.112472e-12,2.321781e-12,1.691188e-01,1.141312e-12,1.090100e-12,2.860825e-12,1.510867e-01,1.467905e-15,1.483657e-15,2.962034e-15,5.927614e+01
2.816597e-01,2.189907e-15,2.036631e-15,1.177325e-15,2.000000e-01,1.000000e-12,1.000000e-12,1.000000e-125,1.126246e-01,2.407171e-12,2.150040e-12,1.431462e-12,2.238719e-01,1.030297e-12,1.161829e-12,2.557226e-12,1.498563e-01,1.869955e-15,1.513513e-15,2.245161e-15,5.598009e+01
1.954369e-01,1.384375e-15,1.021518e-15,1.587663e-15,2.000000e-01,1.000000e-12,1.000000e-12,1.000000e-125,1.451997e-01,1.688945e-12,2.413060e-12,1.726989e-12,1.804874e-01,2.946740e-12,2.980655e-12,1.608931e-12,2.276093e-01,2.884261e-15,1.685670e-15,1.061666e-15,1.668484e+02
2.986936e-01,1.566212e-15,1.405693e-15,1.970503e-15,2.000000e-01,1.000000e-12,1.000000e-12,1.000000e-125,1.660862e-01,1.445659e-12,2.693065e-12,1.334574e-12,1.300243e-01,1.909289e-12,1.197062e-12,1.768336e-12,1.811258e-01,1.618657e-15,1.295553e-15,1.866607e-15,9.493361e+01
2.149286e-01,1.470566e-15,1.878977e-15,1.216299e-15,2.000000e-01,1.000000e-12,1.000000e-12,1.000000e-125,1.674255e-01,1.770368e-12,1.413610e-12,2.542839e-12,2.831897e-01,2.601803e-12,1.692328e-12,1.120472e-12,2.293093e-01,1.482989e-15,1.711871e-15,2.186777e-15,1.607200e+02
1.698697e-01,2.941369e-15,1.068110e-15,1.549158e-15,2.000000e-01,1.000000e-12,1.000000e-12,1.000000e-125,1.356091e-01,2.927254e-12,1.354695e-12,2.414556e-12,1.019577e-01,2.547174e-12,1.634552e-12,2.886446e-12,2.331528e-01,1.887419e-15,1.177523e-15,1.520948e-15,1.982428e+02
1.309326e-01,1.351199e-15,1.573298e-15,1.778504e-15,2.000000e-01,1.000000e-12,1.000000e-12,1.000000e-125,1.326876e-01,1.903754e-12,2.162226e-12,2.385374e-12,2.865500e-01,1.807546e-12,1.252396e-12,1.655157e-12,1.986911e-01,1.201373e-15,2.099531e-15,2.063412e-15,1.195496e+02
1.437566e-01,2.686313e-15,2.559108e-15,2.199702e-15,2.000000e-01,1.000000e-12,1.000000e-12,1.000000e-125,2.609674e-01,2.289403e-12,1.428952e-12,2.634616e-12,2.858842e-01,2.719348e-12,1.909508e-12,2.024541e-12,1.879971e-01,1.478697e-15,1.644319e-15,1.771675e-15,1.966469e+02
2.230851e-01,2.534453e-15,2.576202e-15,1.102743e-15,2.000000e-01,1.000000e-12,1.000000e-12,1.000000e-125,2.151851e-01,1.779465e-12,2.159982e-12,2.731346e-12,2.831962e-01,2.952561e-12,1.765391e-12,2.393986e-12,1.017060e-01,1.515351e-15,1.976219e-15,2.126987e-15,1.764689e+02
2.529658e-01,1.746619e-15,2.821027e-15,1.811680e-15,2.000000e-01,1.000000e-12,1.000000e-12,1.000000e-125,2.370281e-01,1.985446e-12,2.048696e-12,2.566344e-12,1.571438e-01,1.910368e-12,1.565000e-12,2.540041e-12,1.247927e-01,1.874089e-15,1.839466e-15,1.187334e-15,1.337199e+02
1.617826e-01,2.887412e-15,1.721153e-15,2.334278e-15,2.000000e-01,1.000000e-12,1.000000e-12,1.000000e-125,2.715517e-01,2.204444e-12,1.780897e-12,2.181831e-12,1.550185e-01,2.802527e-12,2.593319e-12,1.358659e-12,2.681599e-01,1.797364e-15,1.728935e-15,1.834301e-15,1.977495e+02
1.052941e-01,1.245449e-15,1.067443e-15,1.376943e-15,2.000000e-01,1.000000e-12,1.000000e-12,1.000000e-125,2.648249e-01,2.058497e-12,1.148486e-12,1.763738e-12,2.531007e-01,2.517898e-12,2.900927e-12,1.333332e-12,1.325730e-01,2.966323e-15,1.211426e-15,1.429564e-15,1.858933e+02
2.218582e-01,1.732111e-15,2.729356e-15,2.110360e-15,2.000000e-01,1.000000e-12,1.000000e-12,1.000000e-125,2.976410e-01,2.241494e-12,1.363295e-12,1.433039e-12,1.866940e-01,2.174790e-12,1.813384e-12,1.049966e-12,2.558810e-01,2.166445e-15,1.494729e-15,1.111171e-15,1.655520e+02
1.559139e-01,2.242805e-15,1.351878e-15,2.290866e-15,2.000000e-01,1.000000e-12,1.000000e-12,1.000000e-125,2.951682e-01,2.160663e-12,1.618589e-12,1.320770e-12,2.218896e-01,2.184366e-12,2.382196e-12,1.928918e-12,1.659703e-01,1.324938e-15,2.702871e-15,1.138920e-15,1.701520e+02
2.114643e-01,1.162537e-15,1.608542e-15,2.186069e-15,2.000000e-01,1.000000e-12,1.000000e-12,1.000000e-125,2.137146e-01,1.994722e-12,1.612550e-12,2.757207e-12,2.066952e-01,2.636760e-12,2.974576e-12,1.992966e-12,1.558426e-01,1.287921e-15,2.069003e-15,1.522188e-15,1.806800e+02
1.985055e-01,2.228327e-15,2.785933e-15,2.110446e-15,2.000000e-01,1.000000e-12,1.000000e-12,1.000000e-125,1.144024e-01,1.206280e-12,1.175427e-12,2.440412e-12,1.390951e-01,2.581374e-12,1.441848e-12,2.348403e-12,1.551826e-01,2.098612e-15,1.563225e-15,2.577451e-15,1.006043e+02
2.249085e-01,2.014542e-15,1.102714e-15,2.308754e-15,2.000000e-01,1.000000e-12,1.000000e-12,1.000000e-125,2.060649e-01,2.341803e-12,1.053099e-12,2.223693e-12,1.850350e-01,1.689162e-12,2.322501e-12,2.821338e-12,1.015274e-01,2.955109e-15,1.193650e-15,2.116917e-15,1.383461e+02
2.373769e-01,1.472347e-15,1.969647e-15,2.786559e-15,2.000000e-01,1.000000e-12,1.000000e-12,1.000000e-125,2.190148e-01,2.662903e-12,2.454587e-12,1.287594e-12,2.279460e-01,2.545734e-12,1.096771e-12,2.880284e-12,1.359881e-01,2.561395e-15,1.537130e-15,1.398971e-15,1.756986e+02
1.050087e-01,2.663246e-15,2.368926e-15,1.333493e-15,2.000000e-01,1.000000e-12,1.000000e-12,1.000000e-125,2.500265e-01,2.301001e-12,2.094704e-12,1.611601e-12,1.122969e-01,1.503832e-12,1.379933e-12,1.763008e-12,1.816257e-01,1.886296e-15,2.951501e-15,1.238306e-15,1.187653e+02
1.700089e-01,2.481639e-15,2.019648e-15,2.840093e-15,2.000000e-01,1.000000e-12,1.000000e-12,1.000000e-125,1.055496e-01,2.416348e-12,1.391373e-12,2.897068e-12,1.202498e-01,2.718644e-12,2.979890e-12,1.240833e-12,1.032962e-01,1.717962e-15,2.181622e-15,1.794047e-15,1.964559e+02
2.232624e-01,1.258506e-15,2.587550e-15,2.542612e-15,2.000000e-01,1.000000e-12,1.000000e-12,1.000000e-125,2.968950e-01,2.815261e-12,1.542913e-12,1.502172e-12,2.341583e-01,1.268281e-12,1.491423e-12,2.122951e-12,1.632418e-01,2.737659e-15,1.108454e-15,1.374913e-15,1.045658e+02
2.470515e-01,2.162284e-15,1.677013e-15,1.709805e-15,2.000000e-01,1.000000e-12,1.000000e-12,1.000000e-125,1.983180e-01,1.500783e-12,2.455203e-12,2.345374e-12,1.448457e-01,2.296064e-12,2.513692e-12,2.356986e-12,2.669327e-01,1.502282e-15,1.414717e-15,1.807702e-15,1.328884e+02
1.473346e-01,2.550447e-15,1.707511e-15,1.011706e-15,2.000000e-01,1.000000e-12,1.000000e-12,1.000000e-125,2.855722e-01,1.381451e-12,2.632676e-12,1.024049e-12,1.401958e-01,2.997954e-12,2.878037e-12,1.934739e-12,2.503576e-01,1.144840e-15,1.002170e-15,2.060641e-15,1.535628e+02
1.528585e-01,2.411088e-15,1.866561e-15,1.805086e-15,2.000000e-01,1.000000e-12,1.000000e-12,1.000000e-125,1.336604e-01,2.116560e-12,1.798983e-12,1.376929e-12,1.749987e-01,2.907142e-12,1.275574e-12,1.330691e-12,1.897563e-01,2.219645e-15,2.597382e-15,2.037307e-15,1.660590e+02
1.972451e-01,1.580291e-15,1.777958e-15,2.185722e-15,2.000000e-01,1.000000e-12,1.000000e-12,1.000000e-125,2.276800e-01,1.044627e-12,1.522459e-12,1.568722e-12,1.943867e-01,2.771165e-12,2.732808e-12,2.551416e-12,1.117915e-01,2.208751e-15,1.577209e-15,2.609758e-15,1.114336e+02
1.080957e-01,2.867047e-15,1.165377e-15,2.688211e-15,2.000000e-01,1.000000e-12,1.000000e-12,1.000000e-125,1.464181e-01,1.442877e-12,2.215076e-12,2.152216e-12,1.448426e-01,2.304795e-12,1.734429e-12,2.329717e-12,1.601390e-01,2.908456e-15,1.663453e-15,2.750274e-15,1.179970e+02
2.454436e-01,2.292523e-15,2.877001e-15,1.759421e-15,2.000000e-01,1.000000e-12,1.000000e-12,1.000000e-125,2.637194e-01,1.374171e-12,1.842477e-12,1.044062e-12,1.506408e-01,2.542285e-12,2.874143e-12,2.292966e-12,1.125844e-01,1.741686e-15,1.235126e-15,1.835417e-15,1.383831e+02
1.467872e-01,1.055599e-15,1.725723e-15,2.341776e-15,2.000000e-01,1.000000e-12,1.000000e-12,1.000000e-125,2.823687e-01,1.979297e-12,2.996391e-12,2.030080e-12,1.721723e-01,1.767134e-12,1.972484e-12,2.086033e-12,2.263953e-01,1.201430e-15,1.519999e-15,2.626813e-15,1.328444e+02
2.801572e-01,2.264515e-15,1.916994e-15,2.071037e-15,2.000000e-01,1.000000e-12,1.000000e-12,1.000000e-125,2.133430e-01,2.926781e-12,1.069635e-12,1.411165e-12,1.688462e-01,2.837495e-12,1.707127e-12,2.720490e-12,2.201143e-01,2.569048e-15,2.861917e-15,1.424026e-15,2.080061e+02
1.169367e-01,2.283281e-15,1.625996e-15,1.131475e-15,2.000000e-01,1.000000e-12,1.000000e-12,1.000000e-125,2.957864e-01,1.732556e-12,1.678345e-12,2.990761e-12,2.688440e-01,1.513621e-12,1.512522e-12,2.580986e-12,1.009234e-01,1.736817e-15,1.478661e-15,1.545535e-15,9.986722e+01
2.886936e-01,2.656152e-15,1.375786e-15,2.221883e-15,2.000000e-01,1.000000e-12,1.000000e-12,1.000000e-125,2.083040e-01,1.327464e-12,2.508303e-12,1.226367e-12,1.023446e-01,2.008260e-12,1.870714e-12,1.197130e-12,2.682949e-01,2.298672e-15,1.600512e-15,2.787624e-15,1.055715e+02
1.780015e-01,2.971068e-15,1.177641e-15,1.064056e-15,2.000000e-01,1.000000e-12,1.000000e-12,1.000000e-125,2.678681e-01,2.513217e-12,1.859022e-12,2.014661e-12,1.114619e-01,2.061507e-12,2.046545e-12,2.874827e-12,2.827651e-01,2.616123e-15,1.651210e-15,1.320667e-15,1.766969e+02
2.385381e-01,2.584265e-15,2.368766e-15,2.235488e-15,2.000000e-01,1.000000e-12,1.000000e-12,1.000000e-125,2.323409e-01,1.839117e-12,2.280396e-12,1.370590e-12,1.890818e-01,1.970769e-12,1.193189e-12,2.588643e-12,1.090982e-01,1.432031e-15,1.412661e-15,1.767586e-15,1.235719e+02
1.591942e-01,2.337413e-15,1.906071e-15,2.959979e-15,2.000000e-01,1.000000e-12,1.000000e-12,1.000000e-125,2.762033e-01,1.805860e-12,2.389663e-12,1.393248e-12,1.209146e-01,2.714888e-12,1.199249e-12,1.331202e-12,2.779983e-01,2.370419e-15,1.267411e-15,2.494307e-15,1.561295e+02
2.404396e-01,2.365713e-15,1.975135e-15,1.583902e-15,2.000000e-01,1.000000e-12,1.000000e-12,1.000000e-125,1.282786e-01,1.216622e-12,2.444494e-12,2.616653e-12,1.763233e-01,1.800267e-12,1.948398e-12,1.251649e-12,1.095818e-01,1.940698e-15,2.995087e-15,1.989358e-15,8.289196e+01
1.091826e-01,1.652277e-15,2.651054e-15,2.531801e-15,2.000000e-01,1.000000e-12,1.000000e-12,1.000000e-125,2.311967e-01,2.524465e-12,1.059035e-12,2.506361e-12,1.362906e-01,2.768840e-12,2.880036e-12,2.994136e-12,2.948986e-01,2.456040e-15,2.797803e-15,1.585132e-15,2.100383e+02
2.278466e-01,2.134513e-15,1.131221e-15,2.201028e-15,2.000000e-01,1.000000e-12,1.000000e-12,1.000000e-125,2.790898e-01,1.769165e-12,1.430248e-12,1.536662e-12,1.156101e-01,1.393173e-12,1.148882e-12,1.217707e-12,1.834823e-01,1.323174e-15,2.875368e-15,1.970272e-15,8.786959e+01
1.229861e-01,1.638381e-15,1.688099e-15,1.927414e-15,2.000000e-01,1.000000e-12,1.000000e-12,1.000000e-125,1.620889e-01,1.821321e-12,2.031997e-12,2.115580e-12,1.473024e-01,2.897187e-12,2.892817e-12,2.634430e-12,1.623741e-01,1.081204e-15,2.297162e-15,1.673646e-15,1.731503e+02
1.447887e-01,1.432934e-15,1.806435e-15,1.477817e-15,2.000000e-01,1.000000e-12,1.000000e-12,1.000000e-125,1.086087e-01,2.727291e-12,2.796806e-12,1.995093e-12,1.988070e-01,2.002471e-12,2.211952e-12,2.932097e-12,1.563012e-01,2.549725e-15,1.639821e-15,1.985125e-15,1.622465e+02
2.059604e-01,2.682681e-15,1.560451e-15,2.102121e-15,2.000000e-01,1.000000e-12,1.000000e-12,1.000000e-125,2.736042e-01,2.730297e-12,1.092129e-12,1.669775e-12,2.567901e-01,1.907817e-12,2.221222e-12,2.354580e-12,1.949660e-01,1.006952e-15,2.090244e-15,1.266590e-15,1.700487e+02
2.788319e-01,2.458585e-15,2.454064e-15,1.949325e-15,2.000000e-01,1.000000e-12,1.000000e-12,1.000000e-125,2.841483e-01,1.729366e-12,1.720669e-12,2.218728e-12,2.484759e-01,2.673969e-12,1.336853e-12,2.998709e-12,2.708165e-01,1.203474e-15,1.927690e-15,2.235959e-15,1.567811e+02
1.416118e-01,2.851248e-15,1.205179e-15,2.180856e-15,2.000000e-01,1.000000e-12,1.000000e-12,1.000000e-125,1.216248e-01,1.709693e-12,2.343353e-12,1.501301e-12,2.138185e-01,1.875040e-12,2.546751e-12,2.289270e-12,2.855006e-01,2.807898e-15,2.518189e-15,1.867231e-15,1.242381e+02
2.475599e-01,1.449561e-15,2.099380e-15,2.171760e-15,2.000000e-01,1.000000e-12,1.000000e-12,1.000000e-125,1.762179e-01,2.990958e-12,1.141549e-12,2.258064e-12,1.122119e-01,2.323675e-12,2.995256e-12,2.313687e-12,2.994884e-01,2.929006e-15,2.567647e-15,2.587859e-15,2.079134e+02
2.016223e-01,1.503776e-15,1.972499e-15,1.734142e-15,2.000000e-01,1.000000e-12,1.000000e-12,1.000000e-125,2.616541e-01,1.352790e-12,2.681350e-12,2.365264e-12,2.292732e-01,2.309203e-12,1.177093e-12,2.081393e-12,1.821797e-01,2.784092e-15,1.846275e-15,1.920059e-15,1.141125e+02
2.352693e-01,1.075324e-15,2.081162e-15,2.181403e-15,2.000000e-01,1.000000e-12,1.000000e-12,1.000000e-125,1.475552e-01,2.269972e-12,2.756309e-12,1.145998e-12,2.267376e-01,1.756494e-12,1.708368e-12,2.808138e-12,1.965247e-01,1.570237e-15,2.468443e-15,1.133378e-15,1.326089e+02
2.377065e-01,1.306653e-15,1.680706e-15,2.913169e-15,2.000000e-01,1.000000e-12,1.000000e-12,1.000000e-125,1.702066e-01,2.937422e-12,1.871286e-12,2.619719e-12,1.741855e-01,2.134485e-12,1.090432e-12,2.042258e-12,1.591803e-01,2.450430e-15,1.678988e-15,2.577628e-15,1.574164e+02
2.993677e-01,2.540034e-15,2.659151e-15,2.211259e-15,2.000000e-01,1.000000e-12,1.000000e-12,1.000000e-125,1.597595e-01,2.113757e-12,1.215218e-12,2.264017e-12,1.119182e-01,2.696446e-12,1.561218e-12,2.185182e-12,1.391970e-01,2.798999e-15,2.039639e-15,1.135292e-15,1.715523e+02
2.049861e-01,1.181227e-15,2.104447e-15,2.571481e-15,2.000000e-01,1.000000e-12,1.000000e-12,1.000000e-125,2.097724e-01,1.718200e-12,2.628539e-12,2.953419e-12,2.812527e-01,1.522386e-12,2.258256e-12,1.637338e-12,1.993440e-01,1.726318e-15,2.633666e-15,1.066647e-15,1.067323e+02
1.484735e-01,2.726539e-15,1.318042e-15,1.281103e-15,2.000000e-01,1.000000e-12,1.000000e-12,1.000000e-125,1.946880e-01,2.572219e-12,1.799254e-12,1.486576e-12,1.041762e-01,2.734660e-12,2.026977e-12,1.688513e-12,2.836290e-01,2.604150e-15,1.769169e-15,2.225068e-15,2.065797e+02
1.642676e-01,1.252114e-15,1.707847e-15,1.369604e-15,2.000000e-01,1.000000e-12,1.000000e-12,1.000000e-125,2.615552e-01,1.728470e-12,1.768545e-12,1.386031e-12,2.913765e-01,2.929832e-12,2.507890e-12,1.140666e-12,1.890387e-01,1.930934e-15,1.132757e-15,1.574036e-15,1.842531e+02
1.833682e-01,1.431211e-15,2.588471e-15,2.273627e-15,2.000000e-01,1.000000e-12,1.000000e-12,1.000000e-125,1.311485e-01,1.716719e-12,1.432309e-12,2.491645e-12,1.814800e-01,2.340557e-12,2.997867e-12,1.226141e-12,1.640772e-01,1.114155e-15,2.707445e-15,2.240180e-15,1.471741e+02
1.184881e-01,2.805091e-15,2.343547e-15,2.870621e-15,2.000000e-01,1.000000e-12,1.000000e-12,1.000000e-125,1.990438e-01,2.515162e-12,1.926886e-12,1.395201e-12,1.692710e-01,2.565295e-12,1.727027e-12,2.217857e-12,2.010559e-01,2.421863e-15,1.678700e-15,2.248796e-15,1.841649e+02
1.359557e-01,1.602923e-15,2.287550e-15,1.154830e-15,2.000000e-01,1.000000e-12,1.000000e-12,1.000000e-125,1.752113e-01,2.357820e-12,2.164369e-12,1.266457e-12,1.389845e-01,1.364132e-12,1.479546e-12,1.357081e-12,2.789323e-01,2.592813e-15,2.669049e-15,2.201051e-15,1.014151e+02
1.175296e-01,2.370953e-15,2.806647e-15,2.252349e-15,2.000000e-01,1.000000e-12,1.000000e-12,1.000000e-125,2.131777e-01,1.651934e-12,2.645464e-12,1.509795e-12,1.362955e-01,1.698763e-12,1.706752e-12,1.446860e-12,1.045302e-01,1.344616e-15,2.677350e-15,1.593520e-15,1.073795e+02
1.373899e-01,2.337580e-15,1.189731e-15,2.363265e-15,2.000000e-01,1.000000e-12,1.000000e-12,1.000000e-125,2.554969e-01,2.671998e-12,1.049293e-12,1.941663e-12,1.055703e-01,2.628809e-12,2.003594e-12,2.126720e-12,2.241144e-01,2.000230e-15,2.830927e-15,2.220745e-15,2.097402e+02
2.025336e-01,1.689566e-15,2.508635e-15,2.760824e-15,2.000000e-01,1.000000e-12,1.000000e-12,1.000000e-125,2.651313e-01,1.988401e-12,2.539159e-12,2.776723e-12,2.185556e-01,1.640335e-12,2.542762e-12,1.672790e-12,1.165758e-01,1.672492e-15,2.094509e-15,1.244561e-15,1.288133e+02
2.709078e-01,1.869108e-15,2.472305e-15,1.526946e-15,2.000000e-01,1.000000e-12,1.000000e-12,1.000000e-125,1.565558e-01,2.564706e-12,2.874901e-12,1.774265e-12,2.202769e-01,2.112372e-12,2.623388e-12,1.671162e-12,2.273096e-01,2.939742e-15,1.711459e-15,1.760093e-15,1.728731e+02
2.953099e-01,1.382850e-15,1.830139e-15,1.244447e-15,2.000000e-01,1.000000e-12,1.000000e-12,1.000000e-125,1.471306e-01,1.304836e-12,1.719514e-12,2.459178e-12,1.106888e-01,1.760115e-12,1.067882e-12,2.453749e-12,2.705976e-01,1.555317e-15,1.889261e-15,2.770742e-15,7.546274e+01
2.446895e-01,2.112958e-15,2.380540e-15,1.759626e-15,2.000000e-01,1.000000e-12,1.000000e-12,1.000000e-125,2.104016e-01,1.543154e-12,1.209909e-12,1.206832e-12,2.231049e-01,1.737682e-12,1.084441e-12,2.100946e-12,1.599964e-01,2.869572e-15,2.274538e-15,2.012502e-15,9.488529e+01
1.303542e-01,2.590379e-15,2.220768e-15,2.180604e-15,2.000000e-01,1.000000e-12,1.000000e-12,1.000000e-125,2.643319e-01,2.167145e-12,1.000154e-12,1.661782e-12,1.766971e-01,1.163382e-12,1.556677e-12,2.203811e-12,2.787092e-01,2.995873e-15,2.083356e-15,2.779637e-15,8.017606e+01
2.784676e-01,2.439222e-15,1.694609e-15,1.152962e-15,2.000000e-01,1.000000e-12,1.000000e-12,1.000000e-125,2.966215e-01,1.343391e-12,1.532330e-12,2.314734e-12,1.273779e-01,1.972044e-12,1.183145e-12,2.272029e-12,2.415933e-01,1.019757e-15,1.656345e-15,1.563901e-15,9.891219e+01
2.174258e-01,1.318480e-15,1.568523e-15,1.589193e-15,2.000000e-01,1.000000e-12,1.000000e-12,1.000000e-125,2.449154e-01,2.390912e-12,1.584151e-12,1.147800e-12,2.471608e-01,1.169973e-12,2.662479e-12,1.440548e-12,1.282921e-01,2.373950e-15,1.541634e-15,1.462157e-15,9.327092e+01
1.217900e-01,1.462854e-15,2.118861e-15,2.552094e-15,2.000000e-01,1.000000e-12,1.000000e-12,1.000000e-125,2.678839e-01,1.366298e-12,1.704939e-12,2.908550e-12,1.719964e-01,2.158840e-12,2.603091e-12,1.659438e-12,1.677716e-01,1.738739e-15,1.006377e-15,1.609976e-15,1.232788e+02
1.974139e-01,1.410497e-15,2.396026e-15,2.972116e-15,2.000000e-01,1.000000e-12,1.000000e-12,1.000000e-125,1.100535e-01,1.759859e-12,2.659895e-12,2.694971e-12,2.740602e-01,1.897243e-12,1.443216e-12,1.195714e-12,2.544171e-01,2.712506e-15,2.972377e-15,2.927717e-15,1.210969e+02
2.499220e-01,1.904011e-15,1.595295e-15,1.158165e-15,2.000000e-01,1.000000e-12,1.000000e-12,1.000000e-125,2.825989e-01,1.487222e-12,1.122878e-12,2.635903e-12,1.607592e-01,1.294840e-12,2.526832e-12,2.376606e-12,1.689886e-01,2.203067e-15,2.735603e-15,1.643332e-15,7.799646e+01
2.618555e-01,1.575907e-15,2.596047e-15,2.291221e-15,2.000000e-01,1.000000e-12,1.000000e-12,1.000000e-125,2.891145e-01,1.948318e-12,1.137177e-12,1.328485e-12,2.798535e-01,2.715245e-12,2.029304e-12,1.712389e-12,1.227441e-01,2.949590e-15,2.387796e-15,1.746963e-15,1.845949e+02
2.172729e-01,2.055444e-15,1.518254e-15,2.389065e-15,2.000000e-01,1.000000e-12,1.000000e-12,1.000000e-125,2.503190e-01,1.959472e-12,2.593121e-12,1.885763e-12,1.088478e-01,1.947287e-12,1.351650e-12,2.576311e-12,1.221456e-01,1.321573e-15,1.607393e-15,1.199617e-15,1.354542e+02
2.817944e-01,1.632671e-15,1.630207e-15,1.652284e-15,2.000000e-01,1.000000e-12,1.000000e-12,1.000000e-125,2.698351e-01,2.740932e-12,1.403863e-12,1.739419e-12,1.063393e-01,1.570767e-12,2.241976e-12,1.590401e-12,1.195265e-01,1.473903e-15,1.432151e-15,1.181834e-15,1.503072e+02
1.536687e-01,1.632794e-15,2.241962e-15,1.765571e-15,2.000000e-01,1.000000e-12,1.000000e-12,1.000000e-125,1.975392e-01,1.436403e-12,1.073443e-12,2.188462e-12,1.440960e-01,2.127985e-12,2.507527e-12,2.321229e-12,1.430348e-01,2.983176e-15,2.820528e-15,2.503619e-15,1.211764e+02
2.890974e-01,1.806573e-15,2.528285e-15,1.281749e-15,2.000000e-01,1.000000e-12,1.000000e-12,1.000000e-125,2.169282e-01,1.862635e-12,2.184678e-12,1.626545e-12,2.570371e-01,1.131546e-12,1.723615e-12,2.313130e-12,2.438026e-01,1.575314e-15,1.582530e-15,1.310691e-15,6.677490e+01
1.913538e-01,1.279642e-15,2.323617e-15,2.057144e-15,2.000000e-01,1.000000e-12,1.000000e-12,1.000000e-125,2.125194e-01,2.519179e-12,2.582301e-12,2.786025e-12,1.542800e-01,1.919003e-12,1.504952e-12,2.588051e-12,2.122398e-01,2.297837e-15,1.526101e-15,1.368110e-15,1.493337e+02
1.970185e-01,2.087175e-15,2.533601e-15,1.501727e-15,2.000000e-01,1.000000e-12,1.000000e-12,1.000000e-125,2.776858e-01,1.326033e-12,2.163389e-12,1.040786e-12,1.394219e-01,1.291224e-12,2.510719e-12,2.384421e-12,1.062531e-01,1.402116e-15,1.461983e-15,2.605212e-15,6.889346e+01
1.042367e-01,2.381942e-15,1.755848e-15,2.096849e-15,2.000000e-01,1.000000e-12,1.000000e-12,1.000000e-125,2.705383e-01,2.162529e-12,2.103475e-12,2.769561e-12,2.764946e-01,1.967513e-12,1.771395e-12,2.877498e-12,2.186862e-01,2.773735e-15,1.832005e-15,1.522943e-15,1.533624e+02
2.368774e-01,1.379660e-15,2.640264e-15,1.020668e-15,2.000000e-01,1.000000e-12,1.000000e-12,1.000000e-125,2.784333e-01,2.751043e-12,1.309356e-12,2.049179e-12,2.751939e-01,1.952564e-12,2.380209e-12,2.246875e-12,1.456163e-01,1.622289e-15,2.715170e-15,1.336418e-15,1.765138e+02
1.774661e-01,2.907158e-15,1.737047e-15,1.114245e-15,2.000000e-01,1.000000e-12,1.000000e-12,1.000000e-125,2.807703e-01,1.790832e-12,2.964207e-12,2.797962e-12,2.208208e-01,1.818443e-12,2.988826e-12,1.452484e-12,2.323812e-01,1.974148e-15,1.382767e-15,2.648877e-15,1.365201e+02
1.278576e-01,2.824711e-15,2.400354e-15,1.385525e-15,2.000000e-01,1.000000e-12,1.000000e-12,1.000000e-125,2.079747e-01,2.921974e-12,2.643442e-12,2.553902e-12,1.367240e-01,1.126643e-12,2.965517e-12,2.242645e-12,2.269256e-01,1.026357e-15,1.236229e-15,2.800498e-15,1.005282e+02
1.773443e-01,1.646095e-15,1.765940e-15,2.379541e-15,2.000000e-01,1.000000e-12,1.000000e-12,1.000000e-125,2.924322e-01,2.553124e-12,2.936778e-12,1.483736e-12,2.953002e-01,2.351956e-12,2.777480e-12,2.641351e-12,2.674337e-01,1.806419e-15,2.090358e-15,1.671995e-15,2.005723e+02
2.436904e-01,1.900738e-15,1.228566e-15,1.977292e-15,2.000000e-01,1.000000e-12,1.000000e-12,1.000000e-125,1.988993e-01,2.217502e-12,2.526714e-12,1.118256e-12,1.724247e-01,1.865258e-12,2.292495e-12,1.732508e-12,2.420433e-01,1.176986e-15,1.949831e-15,2.461559e-15,1.455446e+02
1.119813e-01,1.255258e-15,1.651164e-15,1.098890e-15,2.000000e-01,1.000000e-12,1.000000e-12,1.000000e-125,2.439790e-01,2.710594e-12,1.279125e-12,1.198931e-12,1.189616e-01,1.621683e-12,1.817431e-12,1.768898e-12,1.599815e-01,1.254060e-15,2.314397e-15,1.901759e-15,1.449828e+02
2.486775e-01,2.507089e-15,2.486207e-15,1.198886e-15,2.000000e-01,1.000000e-12,1.000000e-12,1.000000e-125,1.867149e-01,1.234622e-12,2.098631e-12,2.353467e-12,2.793906e-01,2.176519e-12,2.446099e-12,2.755650e-12,2.979636e-01,2.791003e-15,1.436108e-15,2.641204e-15,1.165948e+02
2.590600e-01,2.009774e-15,1.418433e-15,1.169800e-15,2.000000e-01,1.000000e-12,1.000000e-12,1.000000e-125,2.076439e-01,1.556879e-12,2.005196e-12,1.629224e-12,2.512011e-01,2.176386e-12,1.284707e-12,1.015475e-12,2.147579e-01,1.001895e-15,1.178939e-15,1.493513e-15,1.237251e+02
2.653625e-01,1.978068e-15,1.373234e-15,1.693430e-15,2.000000e-01,1.000000e-12,1.000000e-12,1.000000e-125,1.579046e-01,2.740019e-12,1.754075e-12,1.177323e-12,1.681165e-01,1.523589e-12,1.017048e-12,1.472705e-12,2.810002e-01,2.367025e-15,2.207882e-15,1.480182e-15,1.110359e+02
1.275047e-01,2.035574e-15,2.146659e-15,1.745172e-15,2.000000e-01,1.000000e-12,1.000000e-12,1.000000e-125,2.769001e-01,1.465795e-12,1.472522e-12,1.163077e-12,1.084905e-01,1.003874e-12,2.890917e-12,2.865332e-12,2.552409e-01,2.813389e-15,2.294513e-15,2.612064e-15,5.130369e+01
2.040143e-01,2.339940e-15,1.793592e-15,1.670783e-15,2.000000e-01,1.000000e-12,1.000000e-12,1.000000e-125,1.287227e-01,1.103464e-12,2.843169e-12,2.067645e-12,1.994795e-01,1.723313e-12,2.401547e-12,2.664305e-12,1.737572e-01,1.898370e-15,2.000232e-15,2.774949e-15,7.449604e+01
1.459631e-01,1.878129e-15,2.439489e-15,1.345454e-15,2.000000e-01,1.000000e-12,1.000000e-12,1.000000e-125,2.754713e-01,1.028606e-12,1.725908e-12,2.902727e-12,2.290529e-01,2.735485e-12,2.407923e-12,1.144529e-12,1.412911e-01,1.167253e-15,2.962066e-15,1.394780e-15,1.121614e+02
2.351751e-01,2.599089e-15,1.720576e-15,1.657725e-15,2.000000e-01,1.000000e-12,1.000000e-12,1.000000e-125,1.784923e-01,1.791488e-12,2.816937e-12,1.364377e-12,1.911383e-01,2.781525e-12,1.195533e-12,2.639929e-12,2.044863e-01,1.468221e-15,1.775003e-15,2.431293e-15,1.489259e+02
1.609475e-01,1.535992e-15,2.624576e-15,1.346218e-15,2.000000e-01,1.000000e-12,1.000000e-12,1.000000e-125,2.408548e-01,2.476072e-12,2.925161e-12,2.981968e-12,1.968281e-01,1.912709e-12,1.213596e-12,2.258400e-12,1.114071e-01,1.440619e-15,1.456315e-15,1.762538e-15,1.429318e+02
1.638817e-01,2.458029e-15,1.037729e-15,1.210431e-15,2.000000e-01,1.000000e-12,1.000000e-12,1.000000e-125,2.784021e-01,2.040238e-12,2.321300e-12,2.516642e-12,2.022696e-01,2.915626e-12,2.196226e-12,1.715556e-12,1.661063e-01,2.252523e-15,2.674982e-15,2.733435e-15,1.912457e+02
1.698860e-01,2.674358e-15,2.968516e-15,2.073050e-15,2.000000e-01,1.000000e-12,1.000000e-12,1.000000e-125,1.370243e-01,2.655093e-12,1.166750e-12,2.215965e-12,1.148546e-01,2.723772e-12,2.470278e-12,1.092328e-12,1.724510e-01,1.277626e-15,2.366229e-15,1.459048e-15,2.049478e+02
2.426554e-01,2.301426e-15,2.672536e-15,2.814674e-15,2.000000e-01,1.000000e-12,1.000000e-12,1.000000e-125,1.940292e-01,1.792049e-12,2.375086e-12,1.683422e-12,1.062386e-01,1.011031e-12,1.645659e-12,1.526041e-12,2.501825e-01,2.512801e-15,2.196668e-15,2.851935e-15,5.429205e+01
1.133915e-01,1.574642e-15,2.085793e-15,1.653133e-15,2.000000e-01,1.000000e-12,1.000000e-12,1.000000e-125,1.227006e-01,2.945738e-12,1.964420e-12,2.243196e-12,1.786394e-01,1.988919e-12,2.328311e-12,2.964491e-12,2.119858e-01,1.980404e-15,2.927564e-15,2.757046e-15,1.681994e+02
1.242600e-01,1.860616e-15,1.227272e-15,1.473917e-15,2.000000e-01,1.000000e-12,1.000000e-12,1.000000e-125,2.392542e-01,1.052678e-12,1.819424e-12,1.032719e-12,2.111335e-01,1.403011e-12,1.265747e-12,1.466075e-12,2.169644e-01,2.370556e-15,2.864334e-15,1.807208e-15,4.472864e+01
1.465077e-01,2.540890e-15,2.471874e-15,2.016822e-15,2.000000e-01,1.000000e-12,1.000000e-12,1.000000e-125,2.564965e-01,2.503703e-12,2.686521e-12,1.077680e-12,2.107967e-01,2.097949e-12,1.495541e-12,2.488584e-12,2.502607e-01,2.053479e-15,1.724544e-15,1.384774e-15,1.625056e+02
2.789910e-01,1.682115e-15,2.100600e-15,2.791531e-15,2.000000e-01,1.000000e-12,1.000000e-12,1.000000e-125,2.023624e-01,2.019848e-12,1.294435e-12,2.204004e-12,1.751814e-01,1.370956e-12,2.267881e-12,2.038980e-12,2.581469e-01,2.538894e-15,1.657916e-15,2.313849e-15,1.011287e+02
1.416621e-01,2.913658e-15,1.922865e-15,2.533473e-15,2.000000e-01,1.000000e-12,1.000000e-12,1.000000e-125,1.348705e-01,1.755867e-12,1.977195e-12,2.525986e-12,1.386804e-01,1.545951e-12,1.263886e-12,1.681848e-12,2.015542e-01,2.520487e-15,2.737695e-15,2.239978e-15,9.014435e+01
1.152500e-01,1.290870e-15,1.660005e-15,1.986306e-15,2.000000e-01,1.000000e-12,1.000000e-12,1.000000e-125,1.950119e-01,1.195884e-12,1.220239e-12,2.718447e-12,2.910270e-01,2.594381e-12,2.300655e-12,2.235197e-12,1.096897e-01,2.852129e-15,2.467753e-15,2.769208e-15,1.284128e+02
1.892328e-01,1.306308e-15,1.068215e-15,1.845216e-15,2.000000e-01,1.000000e-12,1.000000e-12,1.000000e-125,2.706429e-01,2.904630e-12,2.803145e-12,2.404747e-12,2.211055e-01,2.221222e-12,1.414167e-12,2.340564e-12,1.661073e-01,2.047602e-15,1.231121e-15,2.309927e-15,1.783772e+02
1.151677e-01,2.433867e-15,1.230810e-15,1.926247e-15,2.000000e-01,1.000000e-12,1.000000e-12,1.000000e-125,2.080116e-01,1.224103e-12,2.444681e-12,1.473254e-12,1.506115e-01,1.198295e-12,2.401157e-12,1.173229e-12,1.562547e-01,2.873481e-15,1.497664e-15,1.399492e-15,4.993987e+01
1.249303e-01,2.077783e-15,1.506461e-15,2.156571e-15,2.000000e-01,1.000000e-12,1.000000e-12,1.000000e-125,1.515842e-01,2.080373e-12,1.274857e-12,2.111081e-12,1.930003e-01,2.069807e-12,1.126227e-12,2.572160e-12,1.953753e-01,1.047843e-15,2.768046e-15,1.136134e-15,1.311138e+02
1.728907e-01,2.484742e-15,1.056751e-15,2.202869e-15,2.000000e-01,1.000000e-12,1.000000e-12,1.000000e-125,2.475422e-01,1.010781e-12,2.555708e-12,1.962489e-12,2.194547e-01,2.679181e-12,1.691141e-12,2.011318e-12,2.285349e-01,1.750740e-15,1.093642e-15,2.982750e-15,1.003208e+02
1.669412e-01,1.055292e-15,2.173667e-15,1.549209e-15,2.000000e-01,1.000000e-12,1.000000e-12,1.000000e-125,2.003342e-01,2.158549e-12,1.464418e-12,1.732493e-12,1.884329e-01,1.957653e-12,2.715247e-12,1.918531e-12,1.986932e-01,2.535499e-15,1.758984e-15,1.123822e-15,1.524100e+02
2.279761e-01,2.788081e-15,1.886545e-15,1.548929e-15,2.000000e-01,1.000000e-12,1.000000e-12,1.000000e-125,2.259235e-01,1.531114e-12,2.553866e-12,2.403944e-12,2.932622e-01,2.340252e-12,1.767074e-12,1.527400e-12,2.869506e-01,1.056150e-15,1.676826e-15,1.692042e-15,1.414711e+02
2.242886e-01,2.518193e-15,1.957726e-15,2.212741e-15,2.000000e-01,1.000000e-12,1.000000e-12,1.000000e-125,2.178797e-01,1.092520e-12,2.846484e-12,1.872439e-12,1.946803e-01,2.571860e-12,2.550326e-12,2.971510e-12,2.316750e-01,1.040813e-15,1.248250e-15,2.753858e-15,1.102459e+02
1.194400e-01,1.676736e-15,1.466221e-15,2.252252e-15,2.000000e-01,1.000000e-12,1.000000e-12,1.000000e-125,2.986282e-01,2.097050e-12,1.040542e-12,1.198732e-12,2.628804e-01,2.093264e-12,1.247809e-12,1.802338e-12,1.435645e-01,2.475466e-15,2.126550e-15,2.019367e-15,1.481189e+02
1.532334e-01,2.686363e-15,2.157519e-15,2.453228e-15,2.000000e-01,1.000000e-12,1.000000e-12,1.000000e-125,2.045086e-01,1.080624e-12,1.755146e-12,2.323842e-12,1.570726e-01,2.645728e-12,2.604652e-12,2.933862e-12,2.502641e-01,1.482406e-15,2.637961e-15,2.645963e-15,1.072086e+02
1.604386e-01,2.687453e-15,1.037783e-15,1.245499e-15,2.000000e-01,1.000000e-12,1.000000e-12,1.000000e-125,1.798043e-01,2.789192e-12,1.141738e-12,2.609622e-12,1.254998e-01,2.787315e-12,2.596917e-12,2.694475e-12,1.405495e-01,1.029593e-15,1.801456e-15,2.568051e-15,2.150568e+02
1.265200e-01,2.744227e-15,1.884760e-15,2.845848e-15,2.000000e-01,1.000000e-12,1.000000e-12,1.000000e-125,2.773364e-01,2.049957e-12,2.783528e-12,2.718507e-12,1.328134e-01,2.286917e-12,2.185617e-12,1.735961e-12,1.366152e-01,2.619832e-15,1.758327e-15,1.832209e-15,1.686932e+02
1.544665e-01,1.346206e-15,1.875811e-15,1.665424e-15,2.000000e-01,1.000000e-12,1.000000e-12,1.000000e-125,1.917583e-01,2.293689e-12,2.611795e-12,2.507327e-12,2.797279e-01,2.485727e-12,2.650904e-12,2.100516e-12,2.337203e-01,2.198278e-15,1.213901e-15,2.293115e-15,1.909348e+02
1.532645e-01,2.522210e-15,2.365928e-15,2.745237e-15,2.000000e-01,1.000000e-12,1.000000e-12,1.000000e-125,1.678070e-01,2.613074e-12,2.639111e-12,1.457510e-12,2.923325e-01,1.163189e-12,1.664118e-12,2.386701e-12,1.869692e-01,2.508848e-15,1.194633e-15,1.710596e-15,8.756032e+01
1.097493e-01,2.778604e-15,2.081824e-15,1.019573e-15,2.000000e-01,1.000000e-12,1.000000e-12,1.000000e-125,2.812097e-01,1.810108e-12,2.465146e-12,1.936695e-12,1.161805e-01,2.058637e-12,1.805960e-12,1.177220e-12,2.991678e-01,2.205491e-15,2.022270e-15,2.837696e-15,1.431529e+02
2.554694e-01,1.723363e-15,1.885533e-15,1.210725e-15,2.000000e-01,1.000000e-12,1.000000e-12,1.000000e-125,1.678875e-01,2.634036e-12,1.573900e-12,1.550218e-12,1.343085e-01,1.996636e-12,2.683405e-12,1.388388e-12,2.672480e-01,1.692572e-15,2.881147e-15,1.371370e-15,1.693733e+02
2.347588e-01,2.067444e-15,2.258019e-15,1.915309e-15,2.000000e-01,1.000000e-12,1.000000e-12,1.000000e-125,1.035323e-01,2.152847e-12,2.664599e-12,2.706965e-12,1.779653e-01,1.662193e-12,1.414810e-12,2.285437e-12,1.027803e-01,2.487013e-15,1.281729e-15,1.516069e-15,1.130187e+02
2.878925e-01,1.052039e-15,1.401462e-15,1.814337e-15,2.000000e-01,1.000000e-12,1.000000e-12,1.000000e-125,2.415620e-01,2.650860e-12,1.628959e-12,2.786049e-12,1.741141e-01,2.961229e-12,2.341683e-12,1.069357e-12,2.298352e-01,2.503287e-15,2.117444e-15,2.296698e-15,2.154263e+02
1.357193e-01,2.139096e-15,2.243089e-15,1.689116e-15,2.000000e-01,1.000000e-12,1.000000e-12,1.000000e-125,2.850568e-01,2.494442e-12,2.221129e-12,2.622682e-12,2.321321e-01,1.249229e-12,2.458237e-12,2.376392e-12,1.871574e-01,1.460158e-15,2.360659e-15,2.684114e-15,1.058122e+02
1.712774e-01,2.548520e-15,1.890123e-15,1.318149e-15,2.000000e-01,1.000000e-12,1.000000e-12,1.000000e-125,1.216540e-01,2.408172e-12,2.986170e-12,2.566877e-12,1.356965e-01,1.409739e-12,2.036797e-12,2.902615e-12,1.800201e-01,2.626949e-15,1.539141e-15,1.607529e-15,1.101259e+02
1.336862e-01,1.230818e-15,1.595209e-15,2.756423e-15,2.000000e-01,1.000000e-12,1.000000e-12,1.000000e-125,2.848730e-01,1.434717e-12,2.264555e-12,1.438905e-12,1.298292e-01,1.939552e-12,2.731821e-12,2.067127e-12,2.896689e-01,1.887027e-15,2.065386e-15,1.938236e-15,1.200984e+02
2.780786e-01,2.098172e-15,2.769442e-15,2.519077e-15,2.000000e-01,1.000000e-12,1.000000e-12,1.000000e-125,1.098834e-01,1.563408e-12,1.066054e-12,2.483926e-12,2.812056e-01,1.677274e-12,2.490680e-12,2.892335e-12,1.749772e-01,1.463614e-15,2.700635e-15,2.418513e-15,1.094094e+02
1.605067e-01,2.701242e-15,1.912868e-15,2.832548e-15,2.000000e-01,1.000000e-12,1.000000e-12,1.000000e-125,1.898305e-01,2.754962e-12,2.214438e-12,2.059048e-12,1.202173e-01,1.224330e-12,1.044602e-12,1.015606e-12,1.102668e-01,1.853955e-15,2.427865e-15,1.538943e-15,9.000660e+01
1.271789e-01,2.318263e-15,2.674359e-15,1.957220e-15,2.000000e-01,1.000000e-12,1.000000e-12,1.000000e-125,2.584027e-01,2.501188e-12,1.579061e-12,2.286124e-12,2.004341e-01,2.050604e-12,2.725873e-12,2.671273e-12,2.101863e-01,2.336766e-15,2.811789e-15,2.050628e-15,1.742315e+02
1.459586e-01,2.898022e-15,2.280438e-15,1.290349e-15,2.000000e-01,1.000000e-12,1.000000e-12,1.000000e-125,2.772029e-01,1.638576e-12,1.200446e-12,2.606050e-12,1.225527e-01,1.062321e-12,2.586069e-12,2.727128e-12,1.139993e-01,2.205455e-15,1.799878e-15,2.633134e-15,6.300993e+01
2.596126e-01,1.658365e-15,1.075755e-15,1.827609e-15,2.000000e-01,1.000000e-12,1.000000e-12,1.000000e-125,1.739361e-01,1.729015e-12,2.490251e-12,2.286120e-12,1.054082e-01,1.558716e-12,2.950368e-12,1.047054e-12,2.482103e-01,2.431861e-15,1.539819e-15,2.038966e-15,1.114091e+02
1.736999e-01,2.380731e-15,1.712303e-15,2.106005e-15,2.000000e-01,1.000000e-12,1.000000e-12,1.000000e-125,2.807437e-01,1.340375e-12,1.262028e-12,2.973906e-12,2.722907e-01,2.769652e-12,1.175147e-12,2.892079e-12,1.970692e-01,1.008875e-15,1.220406e-15,2.459121e-15,1.310993e+02
2.530456e-01,2.748817e-15,1.977439e-15,2.523274e-15,2.000000e-01,1.000000e-12,1.000000e-12,1.000000e-125,1.650260e-01,1.198399e-12,2.066843e-12,1.336178e-12,2.325725e-01,2.648133e-12,1.221710e-12,2.218747e-12,2.745277e-01,1.894902e-15,1.138737e-15,1.892360e-15,1.090653e+02
2.827302e-01,2.086617e-15,2.495289e-15,2.421580e-15,2.000000e-01,1.000000e-12,1.000000e-12,1.000000e-125,1.217543e-01,1.852081e-12,1.184565e-12,1.612174e-12,2.275371e-01,1.546941e-12,1.092596e-12,1.956690e-12,1.144018e-01,1.902202e-15,1.280975e-15,2.033564e-15,9.187571e+01
1.193469e-01,1.790923e-15,1.328833e-15,1.702320e-15,2.000000e-01,1.000000e-12,1.000000e-12,1.000000e-125,2.284944e-01,2.926189e-12,1.898098e-12,1.198717e-12,1.491223e-01,1.758212e-12,2.236325e-12,2.820681e-12,1.841179e-01,2.124866e-15,1.931688e-15,1.859634e-15,1.605470e+02
2.262355e-01,1.171138e-15,2.554134e-15,2.466265e-15,2.000000e-01,1.000000e-12,1.000000e-12,1.000000e-125,1.440244e-01,2.121132e-12,1.737552e-12,2.957107e-12,1.278707e-01,1.526260e-12,2.252841e-12,2.214406e-12,2.031847e-01,2.363271e-15,2.648105e-15,2.490976e-15,1.159175e+02
2.469896e-01,2.983078e-15,1.219559e-15,1.970194e-15,2.000000e-01,1.000000e-12,1.000000e-12,1.000000e-125,1.912249e-01,1.659104e-12,2.100306e-12,1.402284e-12,1.914583e-01,2.938298e-12,2.769188e-12,1.882906e-12,1.055087e-01,2.499938e-15,2.064929e-15,1.082269e-15,1.681326e+02
2.790334e-01,2.403622e-15,1.496185e-15,2.312100e-15,2.000000e-01,1.000000e-12,1.000000e-12,1.000000e-125,1.526711e-01,1.339483e-12,1.683755e-12,2.271586e-12,2.325446e-01,2.028433e-12,1.229185e-12,1.998200e-12,2.543131e-01,2.887807e-15,2.667688e-15,2.910416e-15,9.890535e+01
2.686581e-01,2.515494e-15,1.571974e-15,2.402299e-15,2.000000e-01,1.000000e-12,1.000000e-12,1.000000e-125,2.056125e-01,2.089958e-12,1.229267e-12,2.850333e-12,1.305224e-01,2.283590e-12,1.042927e-12,1.863836e-12,2.575238e-01,1.440442e-15,1.123477e-15,1.328971e-15,1.422208e+02
1.853580e-01,1.377413e-15,1.435484e-15,2.815072e-15,2.000000e-01,1.000000e-12,1.000000e-12,1.000000e-125,2.002951e-01,2.074928e-12,2.092123e-12,2.900638e-12,2.335245e-01,1.192371e-12,1.333681e-12,2.685582e-12,2.143721e-01,1.693258e-15,2.356780e-15,2.221201e-15,7.486099e+01
2.977015e-01,1.491200e-15,2.605733e-15,2.277464e-15,2.000000e-01,1.000000e-12,1.000000e-12,1.000000e-125,1.462762e-01,2.645552e-12,2.757795e-12,1.003466e-12,2.699479e-01,2.988533e-12,2.082401e-12,1.026044e-12,2.516077e-01,1.318213e-15,1.684908e-15,1.648373e-15,2.121479e+02
1.325089e-01,1.683001e-15,2.695545e-15,1.831974e-15,2.000000e-01,1.000000e-12,1.000000e-12,1.000000e-125,2.185382e-01,2.888283e-12,1.604982e-12,2.249340e-12,1.207903e-01,2.207164e-12,1.483619e-12,2.476742e-12,1.966793e-01,2.078319e-15,2.583879e-15,1.670925e-15,1.790426e+02
1.157876e-01,2.543421e-15,1.517792e-15,1.297232e-15,2.000000e-01,1.000000e-12,1.000000e-12,1.000000e-125,2.796268e-01,2.843694e-12,2.737640e-12,2.817039e-12,1.612343e-01,1.616402e-12,2.819824e-12,2.164478e-12,2.622322e-01,2.138499e-15,2.253587e-15,1.689052e-15,1.545618e+02
2.364649e-01,1.725869e-15,1.625701e-15,1.390556e-15,2.000000e-01,1.000000e-12,1.000000e-12,1.000000e-125,1.942935e-01,2.967850e-12,1.263688e-12,1.369699e-12,1.714966e-01,1.875479e-12,1.650689e-12,2.090368e-12,1.696684e-01,2.101598e-15,1.989939e-15,1.544039e-15,1.585270e+02
2.172235e-01,1.720336e-15,1.224766e-15,1.146508e-15,2.000000e-01,1.000000e-12,1.000000e-12,1.000000e-125,1.525396e-01,1.002156e-12,2.193473e-12,1.528480e-12,2.102079e-01,1.659388e-12,1.062493e-12,2.330827e-12,2.336981e-01,1.311655e-15,2.097959e-15,2.860502e-15,4.945972e+01
2.218208e-01,1.573612e-15,1.661320e-15,2.243763e-15,2.000000e-01,1.000000e-12,1.000000e-12,1.000000e-125,1.066966e-01,1.378105e-12,1.064653e-12,1.067605e-12,2.762837e-01,2.566730e-12,2.045128e-12,1.448464e-12,1.677099e-01,1.213583e-15,2.801706e-15,1.575965e-15,1.352600e+02
2.413804e-01,2.354300e-15,2.471464e-15,2.989990e-15,2.000000e-01,1.000000e-12,1.000000e-12,1.000000e-125,2.840336e-01,2.404078e-12,2.265108e-12,1.411056e-12,1.943451e-01,1.518593e-12,1.056607e-12,2.328651e-12,1.641867e-01,2.025679e-15,2.740298e-15,1.863489e-15,1.115832e+02
1.648798e-01,2.350515e-15,1.297508e-15,2.130570e-15,2.000000e-01,1.000000e-12,1.000000e-12,1.000000e-125,1.611039e-01,2.500380e-12,1.580439e-12,2.426699e-12,1.226125e-01,1.578570e-12,2.659233e-12,2.685841e-12,1.406685e-01,1.466054e-15,2.483140e-15,2.392952e-15,1.364372e+02
2.274605e-01,2.118316e-15,2.364150e-15,1.990018e-15,2.000000e-01,1.000000e-12,1.000000e-12,1.000000e-125,2.816751e-01,2.381090e-12,1.333805e-12,1.784778e-12,1.401448e-01,1.528000e-12,1.393315e-12,1.051230e-12,2.988600e-01,1.473314e-15,2.940002e-15,1.048346e-15,1.221240e+02
1.157588e-01,2.133187e-15,1.840102e-15,1.484559e-15,2.000000e-01,1.000000e-12,1.000000e-12,1.000000e-125,1.915162e-01,1.612777e-12,1.956402e-12,2.531867e-12,2.436820e-01,1.616464e-12,2.391087e-12,2.031928e-12,2.547420e-01,1.114157e-15,2.202878e-15,2.369943e-15,1.078704e+02
2.625888e-01,1.087828e-15,2.001316e-15,1.214359e-15,2.000000e-01,1.000000e-12,1.000000e-12,1.000000e-125,1.453752e-01,1.530573e-12,2.997983e-12,1.407883e-12,1.749645e-01,2.917590e-12,1.078474e-12,1.874676e-12,1.111311e-01,1.062706e-15,2.412218e-15,2.460888e-15,1.304835e+02
2.049911e-01,2.849401e-15,2.600844e-15,2.409180e-15,2.000000e-01,1.000000e-12,1.000000e-12,1.000000e-125,2.016727e-01,1.188363e-12,1.998643e-12,1.325306e-12,1.310663e-01,2.227156e-12,1.572469e-12,2.423223e-12,1.147462e-01,1.527704e-15,1.986871e-15,2.878923e-15,9.672221e+01
1.028704e-01,2.163232e-15,1.875911e-15,1.304381e-15,2.000000e-01,1.000000e-12,1.000000e-12,1.000000e-125,2.108465e-01,2.883150e-12,1.476905e-12,2.650738e-12,1.417554e-01,1.485201e-12,2.031759e-12,1.185564e-12,2.166807e-01,1.108710e-15,1.189150e-15,2.796442e-15,1.331504e+02
1.770306e-01,2.822435e-15,2.526086e-15,2.887242e-15,2.000000e-01,1.000000e-12,1.000000e-12,1.000000e-125,1.192985e-01,1.045124e-12,1.837023e-12,2.544108e-12,2.682683e-01,1.307361e-12,1.884394e-12,2.519370e-12,1.410899e-01,2.402545e-15,2.550867e-15,1.189300e-15,4.242207e+01
2.704013e-01,2.273176e-15,2.962496e-15,1.806128e-15,2.000000e-01,1.000000e-12,1.000000e-12,1.000000e-125,2.847939e-01,2.345709e-12,1.546123e-12,1.923733e-12,2.787722e-01,1.795769e-12,2.579347e-12,1.608145e-12,1.536115e-01,1.145658e-15,2.477005e-15,1.657026e-15,1.563697e+02
1.169314e-01,1.532163e-15,2.185925e-15,2.247279e-15,2.000000e-01,1.000000e-12,1.000000e-12,1.000000e-125,1.054723e-01,2.541363e-12,2.913155e-12,1.658635e-12,1.909486e-01,2.577024e-12,2.973887e-12,1.365390e-12,2.318692e-01,2.999565e-15,2.308710e-15,1.968579e-15,1.914901e+02
1.072790e-01,1.648212e-15,1.441266e-15,2.556683e-15,2.000000e-01,1.000000e-12,1.000000e-12,1.000000e-125,2.911895e-01,2.410226e-12,1.362944e-12,2.715282e-12,2.606926e-01,2.192469e-12,1.994840e-12,1.296373e-12,1.390438e-01,1.610498e-15,1.002891e-15,1.242531e-15,1.770747e+02
2.626730e-01,1.773913e-15,1.988182e-15,1.497515e-15,2.000000e-01,1.000000e-12,1.000000e-12,1.000000e-125,2.160664e-01,2.650011e-12,1.846536e-12,2.828149e-12,2.943544e-01,1.733924e-12,1.822558e-12,1.585537e-12,1.772927e-01,2.546961e-15,1.493911e-15,1.067796e-15,1.505126e+02
1.707614e-01,1.676158e-15,1.131916e-15,2.148350e-15,2.000000e-01,1.000000e-12,1.000000e-12,1.000000e-125,2.013203e-01,2.388121e-12,1.306448e-12,1.227413e-12,2.153725e-01,2.072764e-12,1.936577e-12,2.006835e-12,2.833925e-01,2.412889e-15,1.152194e-15,1.821696e-15,1.612785e+02
1.310733e-01,1.170961e-15,1.408152e-15,2.174506e-15,2.000000e-01,1.000000e-12,1.000000e-12,1.000000e-125,2.587216e-01,1.180848e-12,2.534420e-12,1.211106e-12,2.368573e-01,2.087176e-12,2.909503e-12,2.043978e-12,1.260528e-01,2.703547e-15,1.621888e-15,1.252694e-15,1.094970e+02
1.675266e-01,1.969585e-15,1.032771e-15,2.937143e-15,2.000000e-01,1.000000e-12,1.000000e-12,1.000000e-125,2.568991e-01,2.007259e-12,2.436921e-12,1.069388e-12,1.664866e-01,2.647265e-12,1.865917e-12,2.302326e-12,2.055352e-01,1.225449e-15,1.417059e-15,2.044716e-15,1.732897e+02
1.521882e-01,1.220541e-15,2.080944e-15,1.482720e-15,2.000000e-01,1.000000e-12,1.000000e-12,1.000000e-125,2.391729e-01,1.853808e-12,1.861973e-12,2.843540e-12,1.211301e-01,1.427888e-12,1.483882e-12,1.901000e-12,1.961082e-01,2.027679e-15,2.661835e-15,1.914724e-15,9.691312e+01
1.376575e-01,2.866178e-15,1.884197e-15,2.530852e-15,2.000000e-01,1.000000e-12,1.000000e-12,1.000000e-125,2.383271e-01,2.742943e-12,1.849233e-12,1.810653e-12,1.019800e-01,2.487441e-12,1.345586e-12,2.744590e-12,1.663175e-01,2.753177e-15,2.174907e-15,1.740388e-15,1.928032e+02
2.040040e-01,2.395451e-15,1.553059e-15,2.121670e-15,2.000000e-01,1.000000e-12,1.000000e-12,1.000000e-125,2.800468e-01,2.833572e-12,1.356600e-12,2.861564e-12,2.877084e-01,2.679557e-12,2.872593e-12,1.003669e-12,2.390444e-01,2.422969e-15,1.259406e-15,2.902599e-15,2.236923e+02
1.897770e-01,1.422073e-15,1.258320e-15,1.150533e-15,2.000000e-01,1.000000e-12,1.000000e-12,1.000000e-125,1.163881e-01,2.356909e-12,1.179217e-12,1.294627e-12,1.174752e-01,2.282423e-12,2.849075e-12,1.907905e-12,2.542308e-01,2.561361e-15,2.535866e-15,1.513237e-15,1.751734e+02
2.328444e-01,1.155111e-15,1.322944e-15,1.502179e-15,2.000000e-01,1.000000e-12,1.000000e-12,1.000000e-125,2.986079e-01,2.765302e-12,2.260491e-12,2.319703e-12,1.117125e-01,2.715936e-12,1.245701e-12,1.684720e-12,2.111780e-01,1.918616e-15,2.403176e-15,1.001127e-15,2.016862e+02
1.877430e-01,1.810150e-15,1.724978e-15,2.589290e-15,2.000000e-01,1.000000e-12,1.000000e-12,1.000000e-125,2.176597e-01,2.646046e-12,1.638338e-12,2.860546e-12,2.622975e-01,2.878624e-12,2.990105e-12,2.395481e-12,2.489689e-01,2.490118e-15,2.004126e-15,2.863228e-15,2.210256e+02
1.367715e-01,1.396844e-15,1.227385e-15,1.770196e-15,2.000000e-01,1.000000e-12,1.000000e-12,1.000000e-125,2.303479e-01,1.298432e-12,2.850283e-12,2.754352e-12,2.986187e-01,1.263361e-12,2.122560e-12,2.791468e-12,2.468633e-01,2.589517e-15,1.569488e-15,1.908498e-15,5.882455e+01
2.056186e-01,1.110670e-15,2.137605e-15,1.939624e-15,2.000000e-01,1.000000e-12,1.000000e-12,1.000000e-125,2.048478e-01,1.996839e-12,2.416459e-12,1.189938e-12,1.479769e-01,1.629351e-12,2.624511e-12,2.315883e-12,1.076583e-01,1.907683e-15,1.373834e-15,1.936268e-15,1.245617e+02
1.481396e-01,2.727620e-15,2.002183e-15,2.559950e-15,2.000000e-01,1.000000e-12,1.000000e-12,1.000000e-125,2.545738e-01,2.000566e-12,2.078956e-12,1.568916e-12,1.847350e-01,1.524363e-12,1.072910e-12,2.373294e-12,1.973130e-01,1.011491e-15,1.128699e-15,1.879682e-15,9.971861e+01
2.861391e-01,1.112885e-15,1.134150e-15,2.638237e-15,2.000000e-01,1.000000e-12,1.000000e-12,1.000000e-125,1.266620e-01,2.921688e-12,1.893277e-12,1.946413e-12,1.368577e-01,1.761207e-12,1.705986e-12,2.495865e-12,2.065732e-01,1.119689e-15,1.047579e-15,1.061240e-15,1.465569e+02
2.120452e-01,1.780482e-15,1.638651e-15,1.225628e-15,2.000000e-01,1.000000e-12,1.000000e-12,1.000000e-125,1.450900e-01,2.314332e-12,1.361236e-12,1.272584e-12,1.355550e-01,1.347338e-12,2.538732e-12,2.927583e-12,2.356645e-01,2.750793e-15,1.326289e-15,1.782906e-15,1.072394e+02
2.409183e-01,2.822576e-15,1.261119e-15,1.842470e-15,2.000000e-01,1.000000e-12,1.000000e-12,1.000000e-125,2.901223e-01,2.961839e-12,1.585006e-12,2.683974e-12,2.010755e-01,2.687639e-12,1.773209e-12,2.498826e-12,2.305483e-01,2.466850e-15,1.701284e-15,1.230249e-15,2.099884e+02
2.112096e-01,1.221278e-15,2.470010e-15,2.493443e-15,2.000000e-01,1.000000e-12,1.000000e-12,1.000000e-125,2.353744e-01,2.247689e-12,2.698604e-12,1.875231e-12,1.100061e-01,1.269707e-12,2.269735e-12,2.473628e-12,2.074338e-01,1.227596e-15,2.370410e-15,2.338546e-15,1.048305e+02
1.106769e-01,2.164079e-15,2.009149e-15,1.770047e-15,2.000000e-01,1.000000e-12,1.000000e-12,1.000000e-125,2.474316e-01,2.225003e-12,2.251178e-12,2.697430e-12,1.293164e-01,2.888666e-12,1.360416e-12,1.715248e-12,1.915087e-01,1.331999e-15,2.496696e-15,2.103484e-15,1.834123e+02
2.459406e-01,1.118777e-15,2.934057e-15,1.574689e-15,2.000000e-01,1.000000e-12,1.000000e-12,1.000000e-125,2.646865e-01,1.225120e-12,2.621945e-12,2.684547e-12,2.384109e-01,2.376798e-12,1.421432e-12,2.418872e-12,2.523430e-01,2.545808e-15,1.569566e-15,1.643030e-15,1.119573e+02
1.017432e-01,1.309731e-15,2.898480e-15,1.957078e-15,2.000000e-01,1.000000e-12,1.000000e-12,1.000000e-125,1.667710e-01,2.113930e-12,2.608341e-12,2.098787e-12,1.388675e-01,1.587519e-12,2.364276e-12,1.595293e-12,2.934573e-01,2.439031e-15,2.393725e-15,1.944833e-15,1.222457e+02
2.649489e-01,2.398751e-15,1.257950e-15,1.950957e-15,2.000000e-01,1.000000e-12,1.000000e-12,1.000000e-125,1.337168e-01,1.692056e-12,2.754439e-12,1.656309e-12,2.513443e-01,1.362745e-12,2.581572e-12,2.492737e-12,1.356174e-01,1.469442e-15,2.480320e-15,2.568917e-15,8.999901e+01
1.417714e-01,2.165451e-15,2.183521e-15,1.681025e-15,2.000000e-01,1.000000e-12,1.000000e-12,1.000000e-125,2.728456e-01,2.463062e-12,2.498484e-12,1.017762e-12,1.442792e-01,1.350199e-12,2.946310e-12,1.423671e-12,2.114800e-01,2.246626e-15,2.761592e-15,2.070767e-15,1.218727e+02
2.323183e-01,1.385484e-15,2.577784e-15,1.904760e-15,2.000000e-01,1.000000e-12,1.000000e-12,1.000000e-125,1.313560e-01,1.579458e-12,1.919313e-12,1.716518e-12,1.279552e-01,1.244293e-12,2.687485e-12,1.352503e-12,1.886047e-01,2.262905e-15,2.732267e-15,1.235193e-15,7.111147e+01
1.375878e-01,2.400909e-15,2.339222e-15,1.769744e-15,2.000000e-01,1.000000e-12,1.000000e-12,1.000000e-125,1.624676e-01,2.798665e-12,2.312769e-12,1.123268e-12,1.473111e-01,1.300026e-12,1.041384e-12,2.898059e-12,2.879477e-01,2.766649e-15,2.251568e-15,2.215262e-15,9.401247e+01
2.686686e-01,1.625469e-15,1.694445e-15,2.566633e-15,2.000000e-01,1.000000e-12,1.000000e-12,1.000000e-125,1.639633e-01,2.336638e-12,1.888014e-12,1.669664e-12,1.508340e-01,1.393191e-12,2.836874e-12,1.122805e-12,2.619291e-01,1.409808e-15,2.536567e-15,1.852566e-15,1.135610e+02
1.081016e-01,1.208223e-15,2.254429e-15,2.705928e-15,2.000000e-01,1.000000e-12,1.000000e-12,1.000000e-125,1.328808e-01,2.524541e-12,1.722605e-12,1.765430e-12,2.200674e-01,1.849354e-12,1.727774e-12,1.591101e-12,2.399816e-01,2.332648e-15,1.057157e-15,1.692806e-15,1.444578e+02
1.476113e-01,1.163348e-15,1.033790e-15,1.348348e-15,2.000000e-01,1.000000e-12,1.000000e-12,1.000000e-125,1.659950e-01,1.815013e-12,1.668009e-12,1.867319e-12,1.418787e-01,2.534646e-12,2.448561e-12,1.731458e-12,1.890122e-01,2.490227e-15,1.166049e-15,1.237595e-15,1.585805e+02
1.295648e-01,1.534125e-15,2.698379e-15,2.205387e-15,2.000000e-01,1.000000e-12,1.000000e-12,1.000000e-125,2.182375e-01,2.230393e-12,2.213295e-12,1.447340e-12,1.617351e-01,1.248171e-12,1.750345e-12,1.646440e-12,1.587419e-01,1.978998e-15,2.667970e-15,2.146661e-15,9.182784e+01
1.455514e-01,1.764043e-15,2.520827e-15,2.758130e-15,2.000000e-01,1.000000e-12,1.000000e-12,1.000000e-125,1.828351e-01,2.899609e-12,2.554736e-12,2.273283e-12,1.999981e-01,1.549867e-12,2.497426e-12,2.147452e-12,2.030357e-01,2.343152e-15,1.296252e-15,2.043830e-15,1.404456e+02
1.434067e-01,1.458783e-15,1.621350e-15,1.918329e-15,2.000000e-01,1.000000e-12,1.000000e-12,1.000000e-125,2.462135e-01,1.523918e-12,2.606748e-12,2.706099e-12,2.449139e-01,2.143111e-12,1.702751e-12,2.340919e-12,2.565040e-01,1.965718e-15,1.630613e-15,1.124740e-15,1.289223e+02
1.731535e-01,1.424933e-15,1.441716e-15,2.616478e-15,2.000000e-01,1.000000e-12,1.000000e-12,1.000000e-125,2.453266e-01,1.919326e-12,1.430968e-12,2.516892e-12,1.297985e-01,1.034651e-12,1.366177e-12,2.597516e-12,2.883400e-01,2.355897e-15,1.506125e-15,2.371249e-15,5.705632e+01
2.270100e-01,1.262082e-15,1.776874e-15,2.294264e-15,2.000000e-01,1.000000e-12,1.000000e-12,1.000000e-125,2.310616e-01,2.747402e-12,2.272455e-12,1.397032e-12,1.743326e-01,2.293658e-12,1.863546e-12,1.532342e-12,1.632418e-01,2.176293e-15,1.802992e-15,1.189066e-15,1.831297e+02
1.608204e-01,1.287379e-15,1.488825e-15,1.112209e-15,2.000000e-01,1.000000e-12,1.000000e-12,1.000000e-125,1.185921e-01,1.717908e-12,2.573798e-12,1.061700e-12,2.423735e-01,2.826102e-12,2.340542e-12,2.979239e-12,2.755771e-01,1.133141e-15,2.509242e-15,2.555552e-15,1.651784e+02
1.863182e-01,2.186240e-15,1.061487e-15,2.390237e-15,2.000000e-01,1.000000e-12,1.000000e-12,1.000000e-125,1.388000e-01,1.633407e-12,2.050927e-12,2.480081e-12,1.700055e-01,1.264652e-12,2.028374e-12,2.594534e-12,2.447200e-01,2.140678e-15,2.349701e-15,1.348208e-15,7.173415e+01
2.529368e-01,2.718948e-15,1.824500e-15,1.720453e-15,2.000000e-01,1.000000e-12,1.000000e-12,1.000000e-125,2.180382e-01,2.625924e-12,2.157604e-12,2.504027e-12,1.761676e-01,2.052491e-12,1.162525e-12,2.971868e-12,2.947352e-01,2.537213e-15,2.820799e-15,2.147239e-15,1.520267e+02
2.642196e-01,2.631868e-15,2.012318e-15,1.478962e-15,2.000000e-01,1.000000e-12,1.000000e-12,1.000000e-125,2.781673e-01,1.474268e-12,1.801178e-12,2.000237e-12,2.789323e-01,1.196969e-12,2.586650e-12,2.725222e-12,1.342963e-01,2.296547e-15,1.055228e-15,1.456954e-15,6.479552e+01
1.957353e-01,1.394041e-15,1.631120e-15,1.976789e-15,2.000000e-01,1.000000e-12,1.000000e-12,1.000000e-125,1.825029e-01,1.279508e-12,1.325280e-12,1.761823e-12,1.146912e-01,1.670045e-12,1.388775e-12,2.178860e-12,1.631775e-01,1.626341e-15,1.434954e-15,1.968375e-15,7.692742e+01
